id,fradulent
bcus2993,1.0
bcus2994,1.0
bcus2995,1.0
bcus2996,1.0
bcus2997,1.0
bcus2998,1.0
bcus2999,1.0
bcus3000,1.0
bcus3001,1.0
bcus3002,1.0
bcus3003,1.0
bcus3004,1.0
bcus3005,1.0
bcus3006,1.0
bcus3007,1.0
bcus3008,1.0
bcus3009,1.0
bcus3010,1.0
bcus3011,1.0
bcus3012,1.0
bcus3013,1.0
bcus3014,1.0
bcus3015,1.0
bcus3016,1.0
bcus3017,1.0
bcus3018,1.0
bcus3019,1.0
bcus3020,1.0
bcus3021,1.0
bcus3022,1.0
bcus3023,1.0
bcus3024,1.0
bcus3025,1.0
bcus3026,1.0
bcus3027,1.0
bcus3028,1.0
bcus3029,1.0
bcus3030,1.0
bcus3031,1.0
bcus3032,1.0
bcus3033,1.0
bcus3034,1.0
bcus3035,1.0
bcus3036,1.0
bcus3037,1.0
bcus3038,1.0
bcus3039,1.0
bcus3040,1.0
bcus3041,1.0
bcus3042,1.0
bcus3043,1.0
bcus3044,1.0
bcus3045,1.0
bcus3046,1.0
bcus3047,1.0
bcus3048,1.0
bcus3049,1.0
bcus3050,1.0
bcus3051,1.0
bcus3052,1.0
bcus3053,1.0
bcus3054,1.0
bcus3055,1.0
bcus3056,1.0
bcus3057,1.0
bcus3058,1.0
bcus3059,1.0
bcus3060,1.0
bcus3061,1.0
bcus3062,1.0
bcus3063,1.0
bcus3064,1.0
bcus3065,1.0
bcus3066,1.0
bcus3067,1.0
bcus3068,1.0
bcus3069,1.0
bcus3070,1.0
bcus3071,1.0
bcus3072,1.0
bcus3073,1.0
bcus3074,1.0
bcus3075,1.0
bcus3076,1.0
bcus3077,1.0
bcus3078,1.0
bcus3079,1.0
bcus3080,1.0
bcus3081,1.0
bcus3082,1.0
bcus3083,1.0
bcus3084,1.0
bcus3085,1.0
bcus3086,1.0
bcus3087,1.0
bcus3088,1.0
bcus3089,1.0
bcus3090,1.0
bcus3091,1.0
bcus3092,1.0
bcus3093,1.0
bcus3094,1.0
bcus3095,1.0
bcus3096,1.0
bcus3097,1.0
bcus3098,1.0
bcus3099,1.0
bcus3100,1.0
bcus3101,1.0
bcus3102,1.0
bcus3103,1.0
bcus3104,1.0
bcus3105,1.0
bcus3106,1.0
bcus3107,1.0
bcus3108,1.0
bcus3109,1.0
bcus3110,1.0
bcus3111,1.0
bcus3112,1.0
bcus3113,1.0
bcus3114,1.0
bcus3115,1.0
bcus3116,1.0
bcus3117,1.0
bcus3118,1.0
bcus3119,1.0
bcus3120,1.0
bcus3121,1.0
bcus3122,1.0
bcus3123,1.0
bcus3124,1.0
bcus3125,1.0
bcus3126,1.0
bcus3127,1.0
bcus3128,1.0
bcus3129,1.0
bcus3130,1.0
bcus3131,1.0
bcus3132,1.0
bcus3133,1.0
bcus3134,1.0
bcus3135,1.0
bcus3136,1.0
bcus3137,1.0
bcus3138,1.0
bcus3139,1.0
bcus3140,1.0
bcus3141,1.0
bcus3142,1.0
bcus3143,1.0
bcus3144,1.0
bcus3145,1.0
bcus3146,1.0
bcus3147,1.0
bcus3148,1.0
bcus3149,1.0
bcus3150,1.0
bcus3151,1.0
bcus3152,1.0
bcus3153,1.0
bcus3154,1.0
bcus3155,1.0
bcus3156,1.0
bcus3157,1.0
bcus3158,1.0
bcus3159,1.0
bcus3160,1.0
bcus3161,1.0
bcus3162,1.0
bcus3163,1.0
bcus3164,1.0
bcus3165,1.0
bcus3166,1.0
bcus3167,1.0
bcus3168,1.0
bcus3169,1.0
bcus3170,1.0
bcus3171,1.0
bcus3172,1.0
bcus3173,1.0
bcus3174,1.0
bcus3175,1.0
bcus3176,1.0
bcus3177,1.0
bcus3178,1.0
bcus3179,1.0
bcus3180,1.0
bcus3181,1.0
bcus3182,1.0
bcus3183,1.0
bcus3184,1.0
bcus3185,1.0
bcus3186,1.0
bcus3187,1.0
bcus3188,1.0
bcus3189,1.0
bcus3190,1.0
bcus3191,1.0
bcus3192,1.0
bcus3193,1.0
bcus3194,1.0
bcus3195,1.0
bcus3196,1.0
bcus3197,1.0
bcus3198,1.0
bcus3199,1.0
bcus3200,1.0
bcus3201,1.0
bcus3202,1.0
bcus3203,1.0
bcus3204,1.0
bcus3205,1.0
bcus3206,1.0
bcus3207,1.0
bcus3208,1.0
bcus3209,1.0
bcus3210,1.0
bcus3211,1.0
bcus3212,1.0
bcus3213,1.0
bcus3214,1.0
bcus3215,1.0
bcus3216,1.0
bcus3217,1.0
bcus3218,1.0
bcus3219,1.0
bcus3220,1.0
bcus3221,1.0
bcus3222,1.0
bcus3223,1.0
bcus3224,1.0
bcus3225,1.0
bcus3226,1.0
bcus3227,1.0
bcus3228,1.0
bcus3229,1.0
bcus3230,1.0
bcus3231,1.0
bcus3232,1.0
bcus3233,1.0
bcus3234,1.0
bcus3235,1.0
bcus3236,1.0
bcus3237,1.0
bcus3238,1.0
bcus3239,1.0
bcus3240,1.0
bcus3241,1.0
bcus3242,1.0
bcus3243,1.0
bcus3244,1.0
bcus3245,1.0
bcus3246,1.0
bcus3247,1.0
bcus3248,1.0
bcus3249,1.0
bcus3250,1.0
bcus3251,1.0
bcus3252,1.0
bcus3253,1.0
bcus3254,1.0
bcus3255,1.0
bcus3256,1.0
bcus3257,1.0
bcus3258,1.0
bcus3259,1.0
bcus3260,1.0
bcus3261,1.0
bcus3262,1.0
bcus3263,1.0
bcus3264,1.0
bcus3265,1.0
bcus3266,1.0
bcus3267,1.0
bcus3268,1.0
bcus3269,1.0
bcus3270,1.0
bcus3271,1.0
bcus3272,1.0
bcus3273,1.0
bcus3274,1.0
bcus3275,1.0
bcus3276,1.0
bcus3277,1.0
bcus3278,1.0
bcus3279,1.0
bcus3280,1.0
bcus3281,1.0
bcus3282,1.0
bcus3283,1.0
bcus3284,1.0
bcus3285,1.0
bcus3286,1.0
bcus3287,1.0
bcus3288,1.0
bcus3289,1.0
bcus3290,1.0
bcus3291,1.0
bcus3292,1.0
bcus3293,1.0
bcus3294,1.0
bcus3295,1.0
bcus3296,1.0
bcus3297,1.0
bcus3298,1.0
bcus3299,1.0
bcus3300,1.0
bcus3301,1.0
bcus3302,1.0
bcus3303,1.0
bcus3304,1.0
bcus3305,1.0
bcus3306,1.0
bcus3307,1.0
bcus3308,1.0
bcus3309,1.0
bcus3310,1.0
bcus3311,1.0
bcus3312,1.0
bcus3313,1.0
bcus3314,1.0
bcus3315,1.0
bcus3316,1.0
bcus3317,1.0
bcus3318,1.0
bcus3319,1.0
bcus3320,1.0
bcus3321,1.0
bcus3322,1.0
bcus3323,1.0
bcus3324,1.0
bcus3325,1.0
bcus3326,1.0
bcus3327,1.0
bcus3328,1.0
bcus3329,1.0
bcus3330,1.0
bcus3331,1.0
bcus3332,1.0
bcus3333,1.0
bcus3334,1.0
bcus3335,1.0
bcus3336,1.0
bcus3337,1.0
bcus3338,1.0
bcus3339,1.0
bcus3340,1.0
bcus3341,1.0
bcus3342,1.0
bcus3343,1.0
bcus3344,1.0
bcus3345,1.0
bcus3346,1.0
bcus3347,1.0
bcus3348,1.0
bcus3349,1.0
bcus3350,1.0
bcus3351,1.0
bcus3352,1.0
bcus3353,1.0
bcus3354,1.0
bcus3355,1.0
bcus3356,1.0
bcus3357,1.0
bcus3358,1.0
bcus3359,1.0
bcus3360,1.0
bcus3361,1.0
bcus3362,1.0
bcus3363,1.0
bcus3364,1.0
bcus3365,1.0
bcus3366,1.0
bcus3367,1.0
bcus3368,1.0
bcus3369,1.0
bcus3370,1.0
bcus3371,1.0
bcus3372,1.0
bcus3373,1.0
bcus3374,1.0
bcus3375,1.0
bcus3376,1.0
bcus3377,1.0
bcus3378,1.0
bcus3379,1.0
bcus3380,1.0
bcus3381,1.0
bcus3382,1.0
bcus3383,1.0
bcus3384,1.0
bcus3385,1.0
bcus3386,1.0
bcus3387,1.0
bcus3388,1.0
bcus3389,1.0
bcus3390,1.0
bcus3391,1.0
bcus3392,1.0
bcus3393,1.0
bcus3394,1.0
bcus3395,1.0
bcus3396,1.0
bcus3397,1.0
bcus3398,1.0
bcus3399,1.0
bcus3400,1.0
bcus3401,1.0
bcus3402,1.0
bcus3403,1.0
bcus3404,1.0
bcus3405,1.0
bcus3406,1.0
bcus3407,1.0
bcus3408,1.0
bcus3409,1.0
bcus3410,1.0
bcus3411,1.0
bcus3412,1.0
bcus3413,1.0
bcus3414,1.0
bcus3415,1.0
bcus3416,1.0
bcus3417,1.0
bcus3418,1.0
bcus3419,1.0
bcus3420,1.0
bcus3421,1.0
bcus3422,1.0
bcus3423,1.0
bcus3424,1.0
bcus3425,1.0
bcus3426,1.0
bcus3427,1.0
bcus3428,1.0
bcus3429,1.0
bcus3430,1.0
bcus3431,1.0
bcus3432,1.0
bcus3433,1.0
bcus3434,1.0
bcus3435,1.0
bcus3436,1.0
bcus3437,1.0
bcus3438,1.0
bcus3439,1.0
bcus3440,1.0
bcus3441,1.0
bcus3442,1.0
bcus3443,1.0
bcus3444,1.0
bcus3445,1.0
bcus3446,1.0
bcus3447,1.0
bcus3448,1.0
bcus3449,1.0
bcus3450,1.0
bcus3451,1.0
bcus3452,1.0
bcus3453,1.0
bcus3454,1.0
bcus3455,1.0
bcus3456,1.0
bcus3457,1.0
bcus3458,1.0
bcus3459,1.0
bcus3460,1.0
bcus3461,1.0
bcus3462,1.0
bcus3463,1.0
bcus3464,1.0
bcus3465,1.0
bcus3466,1.0
bcus3467,1.0
bcus3468,1.0
bcus3469,1.0
bcus3470,1.0
bcus3471,1.0
bcus3472,1.0
bcus3473,1.0
bcus3474,1.0
bcus3475,1.0
bcus3476,1.0
bcus3477,1.0
bcus3478,1.0
bcus3479,1.0
bcus3480,1.0
bcus3481,1.0
bcus3482,1.0
bcus3483,1.0
bcus3484,1.0
bcus3485,1.0
bcus3486,1.0
bcus3487,1.0
bcus3488,1.0
bcus3489,1.0
bcus3490,1.0
bcus3491,1.0
bcus3492,1.0
bcus3493,1.0
bcus3494,1.0
bcus3495,1.0
bcus3496,1.0
bcus3497,1.0
bcus3498,1.0
bcus3499,1.0
bcus3500,1.0
bcus3501,1.0
bcus3502,1.0
bcus3503,1.0
bcus3504,1.0
bcus3505,1.0
bcus3506,1.0
bcus3507,1.0
bcus3508,1.0
bcus3509,1.0
bcus3510,1.0
bcus3511,1.0
bcus3512,1.0
bcus3513,1.0
bcus3514,1.0
bcus3515,1.0
bcus3516,1.0
bcus3517,1.0
bcus3518,1.0
bcus3519,1.0
bcus3520,1.0
bcus3521,1.0
bcus3522,1.0
bcus3523,1.0
bcus3524,1.0
bcus3525,1.0
bcus3526,1.0
bcus3527,1.0
bcus3528,1.0
bcus3529,1.0
bcus3530,1.0
bcus3531,1.0
bcus3532,1.0
bcus3533,1.0
bcus3534,1.0
bcus3535,1.0
bcus3536,1.0
bcus3537,1.0
bcus3538,1.0
bcus3539,1.0
bcus3540,1.0
bcus3541,1.0
bcus3542,1.0
bcus3543,1.0
bcus3544,1.0
bcus3545,1.0
bcus3546,1.0
bcus3547,1.0
bcus3548,1.0
bcus3549,1.0
bcus3550,1.0
bcus3551,1.0
bcus3552,1.0
bcus3553,1.0
bcus3554,1.0
bcus3555,1.0
bcus3556,1.0
bcus3557,1.0
bcus3558,1.0
bcus3559,1.0
bcus3560,1.0
bcus3561,1.0
bcus3562,1.0
bcus3563,1.0
bcus3564,1.0
bcus3565,1.0
bcus3566,1.0
bcus3567,1.0
bcus3568,1.0
bcus3569,1.0
bcus3570,1.0
bcus3571,1.0
bcus3572,1.0
bcus3573,1.0
bcus3574,1.0
bcus3575,1.0
bcus3576,1.0
bcus3577,1.0
bcus3578,1.0
bcus3579,1.0
bcus3580,1.0
bcus3581,1.0
bcus3582,1.0
bcus3583,1.0
bcus3584,1.0
bcus3585,1.0
bcus3586,1.0
bcus3587,1.0
bcus3588,1.0
bcus3589,1.0
bcus3590,1.0
bcus3591,1.0
bcus3592,1.0
bcus3593,1.0
bcus3594,1.0
bcus3595,1.0
bcus3596,1.0
bcus3597,1.0
bcus3598,1.0
bcus3599,1.0
bcus3600,1.0
bcus3601,1.0
bcus3602,1.0
bcus3603,1.0
bcus3604,1.0
bcus3605,1.0
bcus3606,1.0
bcus3607,1.0
bcus3608,1.0
bcus3609,1.0
bcus3610,1.0
bcus3611,1.0
bcus3612,1.0
bcus3613,1.0
bcus3614,1.0
bcus3615,1.0
bcus3616,1.0
bcus3617,1.0
bcus3618,1.0
bcus3619,1.0
bcus3620,1.0
bcus3621,1.0
bcus3622,1.0
bcus3623,1.0
bcus3624,1.0
bcus3625,1.0
bcus3626,1.0
bcus3627,1.0
bcus3628,1.0
bcus3629,1.0
bcus3630,1.0
bcus3631,1.0
bcus3632,1.0
bcus3633,1.0
bcus3634,1.0
bcus3635,1.0
bcus3636,1.0
bcus3637,1.0
bcus3638,1.0
bcus3639,1.0
bcus3640,1.0
bcus3641,1.0
bcus3642,1.0
bcus3643,1.0
bcus3644,1.0
bcus3645,1.0
bcus3646,1.0
bcus3647,1.0
bcus3648,1.0
bcus3649,1.0
bcus3650,1.0
bcus3651,1.0
bcus3652,1.0
bcus3653,1.0
bcus3654,1.0
bcus3655,1.0
bcus3656,1.0
bcus3657,1.0
bcus3658,1.0
bcus3659,1.0
bcus3660,1.0
bcus3661,1.0
bcus3662,1.0
bcus3663,1.0
bcus3664,1.0
bcus3665,1.0
bcus3666,1.0
bcus3667,1.0
bcus3668,1.0
bcus3669,1.0
bcus3670,1.0
bcus3671,1.0
bcus3672,1.0
bcus3673,1.0
bcus3674,1.0
bcus3675,1.0
bcus3676,1.0
bcus3677,1.0
bcus3678,1.0
bcus3679,1.0
bcus3680,1.0
bcus3681,1.0
bcus3682,1.0
bcus3683,1.0
bcus3684,1.0
bcus3685,1.0
bcus3686,1.0
bcus3687,1.0
bcus3688,1.0
bcus3689,1.0
bcus3690,1.0
bcus3691,1.0
bcus3692,1.0
bcus3693,1.0
bcus3694,1.0
bcus3695,1.0
bcus3696,1.0
bcus3697,1.0
bcus3698,1.0
bcus3699,1.0
bcus3700,1.0
bcus3701,1.0
bcus3702,1.0
bcus3703,1.0
bcus3704,1.0
bcus3705,1.0
bcus3706,1.0
bcus3707,1.0
bcus3708,1.0
bcus3709,1.0
bcus3710,1.0
bcus3711,1.0
bcus3712,1.0
bcus3713,1.0
bcus3714,1.0
bcus3715,1.0
bcus3716,1.0
bcus3717,1.0
bcus3718,1.0
bcus3719,1.0
bcus3720,1.0
bcus3721,1.0
bcus3722,1.0
bcus3723,1.0
bcus3724,1.0
bcus3725,1.0
bcus3726,1.0
bcus3727,1.0
bcus3728,1.0
bcus3729,1.0
bcus3730,1.0
bcus3731,1.0
bcus3732,1.0
bcus3733,1.0
bcus3734,1.0
bcus3735,1.0
bcus3736,1.0
bcus3737,1.0
bcus3738,1.0
bcus3739,1.0
bcus3740,1.0
bcus3741,1.0
bcus3742,1.0
bcus3743,1.0
bcus3744,1.0
bcus3745,1.0
bcus3746,1.0
bcus3747,1.0
bcus3748,1.0
bcus3749,1.0
bcus3750,1.0
bcus3751,1.0
bcus3752,1.0
bcus3753,1.0
bcus3754,1.0
bcus3755,1.0
bcus3756,1.0
bcus3757,1.0
bcus3758,1.0
bcus3759,1.0
bcus3760,1.0
bcus3761,1.0
bcus3762,1.0
bcus3763,1.0
bcus3764,1.0
bcus3765,1.0
bcus3766,1.0
bcus3767,1.0
bcus3768,1.0
bcus3769,1.0
bcus3770,1.0
bcus3771,1.0
bcus3772,1.0
bcus3773,1.0
bcus3774,1.0
bcus3775,1.0
bcus3776,1.0
bcus3777,1.0
bcus3778,1.0
bcus3779,1.0
bcus3780,1.0
bcus3781,1.0
bcus3782,1.0
bcus3783,1.0
bcus3784,1.0
bcus3785,1.0
bcus3786,1.0
bcus3787,1.0
bcus3788,1.0
bcus3789,1.0
bcus3790,1.0
bcus3791,1.0
bcus3792,1.0
bcus3793,1.0
bcus3794,1.0
bcus3795,1.0
bcus3796,1.0
bcus3797,1.0
bcus3798,1.0
bcus3799,1.0
bcus3800,1.0
bcus3801,1.0
bcus3802,1.0
bcus3803,1.0
bcus3804,1.0
bcus3805,1.0
bcus3806,1.0
bcus3807,1.0
bcus3808,1.0
bcus3809,1.0
bcus3810,1.0
bcus3811,1.0
bcus3812,1.0
bcus3813,1.0
bcus3814,1.0
bcus3815,1.0
bcus3816,1.0
bcus3817,1.0
bcus3818,1.0
bcus3819,1.0
bcus3820,1.0
bcus3821,1.0
bcus3822,1.0
bcus3823,1.0
bcus3824,1.0
bcus3825,1.0
bcus3826,1.0
bcus3827,1.0
bcus3828,1.0
bcus3829,1.0
bcus3830,1.0
bcus3831,1.0
bcus3832,1.0
bcus3833,1.0
bcus3834,1.0
bcus3835,1.0
bcus3836,1.0
bcus3837,1.0
bcus3838,1.0
bcus3839,1.0
bcus3840,1.0
bcus3841,1.0
bcus3842,1.0
bcus3843,1.0
bcus3844,1.0
bcus3845,1.0
bcus3846,1.0
bcus3847,1.0
bcus3848,1.0
bcus3849,1.0
bcus3850,1.0
bcus3851,1.0
bcus3852,1.0
bcus3853,1.0
bcus3854,1.0
bcus3855,1.0
bcus3856,1.0
bcus3857,1.0
bcus3858,1.0
bcus3859,1.0
bcus3860,1.0
bcus3861,1.0
bcus3862,1.0
bcus3863,1.0
bcus3864,1.0
bcus3865,1.0
bcus3866,1.0
bcus3867,1.0
bcus3868,1.0
bcus3869,1.0
bcus3870,1.0
bcus3871,1.0
bcus3872,1.0
bcus3873,1.0
bcus3874,1.0
bcus3875,1.0
bcus3876,1.0
bcus3877,1.0
bcus3878,1.0
bcus3879,1.0
bcus3880,1.0
bcus3881,1.0
bcus3882,1.0
bcus3883,1.0
bcus3884,1.0
bcus3885,1.0
bcus3886,1.0
bcus3887,1.0
bcus3888,1.0
bcus3889,1.0
bcus3890,1.0
bcus3891,1.0
bcus3892,1.0
bcus3893,1.0
bcus3894,1.0
bcus3895,1.0
bcus3896,1.0
bcus3897,1.0
bcus3898,1.0
bcus3899,1.0
bcus3900,1.0
bcus3901,1.0
bcus3902,1.0
bcus3903,1.0
bcus3904,1.0
bcus3905,1.0
bcus3906,1.0
bcus3907,1.0
bcus3908,1.0
bcus3909,1.0
bcus3910,1.0
bcus3911,1.0
bcus3912,1.0
bcus3913,1.0
bcus3914,1.0
bcus3915,1.0
bcus3916,1.0
bcus3917,1.0
bcus3918,1.0
bcus3919,1.0
bcus3920,1.0
bcus3921,1.0
bcus3922,1.0
bcus3923,1.0
bcus3924,1.0
bcus3925,1.0
bcus3926,1.0
bcus3927,1.0
bcus3928,1.0
bcus3929,1.0
bcus3930,1.0
bcus3931,1.0
bcus3932,1.0
bcus3933,1.0
bcus3934,1.0
bcus3935,1.0
bcus3936,1.0
bcus3937,1.0
bcus3938,1.0
bcus3939,1.0
bcus3940,1.0
bcus3941,1.0
bcus3942,1.0
bcus3943,1.0
bcus3944,1.0
bcus3945,1.0
bcus3946,1.0
bcus3947,1.0
bcus3948,1.0
bcus3949,1.0
bcus3950,1.0
bcus3951,1.0
bcus3952,1.0
bcus3953,1.0
bcus3954,1.0
bcus3955,1.0
bcus3956,1.0
bcus3957,1.0
bcus3958,1.0
bcus3959,1.0
bcus3960,1.0
bcus3961,1.0
bcus3962,1.0
bcus3963,1.0
bcus3964,1.0
bcus3965,1.0
bcus3966,1.0
bcus3967,1.0
bcus3968,1.0
bcus3969,1.0
bcus3970,1.0
bcus3971,1.0
bcus3972,1.0
bcus3973,1.0
bcus3974,1.0
bcus3975,1.0
bcus3976,1.0
bcus3977,1.0
bcus3978,1.0
bcus3979,1.0
bcus3980,1.0
bcus3981,1.0
bcus3982,1.0
bcus3983,1.0
bcus3984,1.0
bcus3985,1.0
bcus3986,1.0
bcus3987,1.0
bcus3988,1.0
bcus3989,1.0
bcus3990,1.0
bcus3991,1.0
bcus3992,1.0
bcus3993,1.0
bcus3994,1.0
bcus3995,1.0
bcus3996,1.0
bcus3997,1.0
bcus3998,1.0
bcus3999,1.0
bcus4000,1.0
bcus4001,1.0
bcus4002,1.0
bcus4003,1.0
bcus4004,1.0
bcus4005,1.0
bcus4006,1.0
bcus4007,1.0
bcus4008,1.0
bcus4009,1.0
bcus4010,1.0
bcus4011,1.0
bcus4012,1.0
bcus4013,1.0
bcus4014,1.0
bcus4015,1.0
bcus4016,1.0
bcus4017,1.0
bcus4018,1.0
bcus4019,1.0
bcus4020,1.0
bcus4021,1.0
bcus4022,1.0
bcus4023,1.0
bcus4024,1.0
bcus4025,1.0
bcus4026,1.0
bcus4027,1.0
bcus4028,1.0
bcus4029,1.0
bcus4030,1.0
bcus4031,1.0
bcus4032,1.0
bcus4033,1.0
bcus4034,1.0
bcus4035,1.0
bcus4036,1.0
bcus4037,1.0
bcus4038,1.0
bcus4039,1.0
bcus4040,1.0
bcus4041,1.0
bcus4042,1.0
bcus4043,1.0
bcus4044,1.0
bcus4045,1.0
bcus4046,1.0
bcus4047,1.0
bcus4048,1.0
bcus4049,1.0
bcus4050,1.0
bcus4051,1.0
bcus4052,1.0
bcus4053,1.0
bcus4054,1.0
bcus4055,1.0
bcus4056,1.0
bcus4057,1.0
bcus4058,1.0
bcus4059,1.0
bcus4060,1.0
bcus4061,1.0
bcus4062,1.0
bcus4063,1.0
bcus4064,1.0
bcus4065,1.0
bcus4066,1.0
bcus4067,1.0
bcus4068,1.0
bcus4069,1.0
bcus4070,1.0
bcus4071,1.0
bcus4072,1.0
bcus4073,1.0
bcus4074,1.0
bcus4075,1.0
bcus4076,1.0
bcus4077,1.0
bcus4078,1.0
bcus4079,1.0
bcus4080,1.0
bcus4081,1.0
bcus4082,1.0
bcus4083,1.0
bcus4084,1.0
bcus4085,1.0
bcus4086,1.0
bcus4087,1.0
bcus4088,1.0
bcus4089,1.0
bcus4090,1.0
bcus4091,1.0
bcus4092,1.0
bcus4093,1.0
bcus4094,1.0
bcus4095,1.0
bcus4096,1.0
bcus4097,1.0
bcus4098,1.0
bcus4099,1.0
bcus4100,1.0
bcus4101,1.0
bcus4102,1.0
bcus4103,1.0
bcus4104,1.0
bcus4105,1.0
bcus4106,1.0
bcus4107,1.0
bcus4108,1.0
bcus4109,1.0
bcus4110,1.0
bcus4111,1.0
bcus4112,1.0
bcus4113,1.0
bcus4114,1.0
bcus4115,1.0
bcus4116,1.0
bcus4117,1.0
bcus4118,1.0
bcus4119,1.0
bcus4120,1.0
bcus4121,1.0
bcus4122,1.0
bcus4123,1.0
bcus4124,1.0
bcus4125,1.0
bcus4126,1.0
bcus4127,1.0
bcus4128,1.0
bcus4129,1.0
bcus4130,1.0
bcus4131,1.0
bcus4132,1.0
bcus4133,1.0
bcus4134,1.0
bcus4135,1.0
bcus4136,1.0
bcus4137,1.0
bcus4138,1.0
bcus4139,1.0
bcus4140,1.0
bcus4141,1.0
bcus4142,1.0
bcus4143,1.0
bcus4144,1.0
bcus4145,1.0
bcus4146,1.0
bcus4147,1.0
bcus4148,1.0
bcus4149,1.0
bcus4150,1.0
bcus4151,1.0
bcus4152,1.0
bcus4153,1.0
bcus4154,1.0
bcus4155,1.0
bcus4156,1.0
bcus4157,1.0
bcus4158,1.0
bcus4159,1.0
bcus4160,1.0
bcus4161,1.0
bcus4162,1.0
bcus4163,1.0
bcus4164,1.0
bcus4165,1.0
bcus4166,1.0
bcus4167,1.0
bcus4168,1.0
bcus4169,1.0
bcus4170,1.0
bcus4171,1.0
bcus4172,1.0
bcus4173,1.0
bcus4174,1.0
bcus4175,1.0
bcus4176,1.0
bcus4177,1.0
bcus4178,1.0
bcus4179,1.0
bcus4180,1.0
bcus4181,1.0
bcus4182,1.0
bcus4183,1.0
bcus4184,1.0
bcus4185,1.0
bcus4186,1.0
bcus4187,1.0
bcus4188,1.0
bcus4189,1.0
bcus4190,1.0
bcus4191,1.0
bcus4192,1.0
bcus4193,1.0
bcus4194,1.0
bcus4195,1.0
bcus4196,1.0
bcus4197,1.0
bcus4198,1.0
bcus4199,1.0
bcus4200,1.0
bcus4201,1.0
bcus4202,1.0
bcus4203,1.0
bcus4204,1.0
bcus4205,1.0
bcus4206,1.0
bcus4207,1.0
bcus4208,1.0
bcus4209,1.0
bcus4210,1.0
bcus4211,1.0
bcus4212,1.0
bcus4213,1.0
bcus4214,1.0
bcus4215,1.0
bcus4216,1.0
bcus4217,1.0
bcus4218,1.0
bcus4219,1.0
bcus4220,1.0
bcus4221,1.0
bcus4222,1.0
bcus4223,1.0
bcus4224,1.0
bcus4225,1.0
bcus4226,1.0
bcus4227,1.0
bcus4228,1.0
bcus4229,1.0
bcus4230,1.0
bcus4231,1.0
bcus4232,1.0
bcus4233,1.0
bcus4234,1.0
bcus4235,1.0
bcus4236,1.0
bcus4237,1.0
bcus4238,1.0
bcus4239,1.0
bcus4240,1.0
bcus4241,1.0
bcus4242,1.0
bcus4243,1.0
bcus4244,1.0
bcus4245,1.0
bcus4246,1.0
bcus4247,1.0
bcus4248,1.0
bcus4249,1.0
bcus4250,1.0
bcus4251,1.0
bcus4252,1.0
bcus4253,1.0
bcus4254,1.0
bcus4255,1.0
bcus4256,1.0
bcus4257,1.0
bcus4258,1.0
bcus4259,1.0
bcus4260,1.0
bcus4261,1.0
bcus4262,1.0
bcus4263,1.0
bcus4264,1.0
bcus4265,1.0
bcus4266,1.0
bcus4267,1.0
bcus4268,1.0
bcus4269,1.0
bcus4270,1.0
bcus4271,1.0
bcus4272,1.0
bcus4273,1.0
bcus4274,1.0
bcus4275,1.0
bcus4276,1.0
bcus4277,1.0
bcus4278,1.0
bcus4279,1.0
bcus4280,1.0
bcus4281,1.0
bcus4282,1.0
bcus4283,1.0
bcus4284,1.0
bcus4285,1.0
bcus4286,1.0
bcus4287,1.0
bcus4288,1.0
bcus4289,1.0
bcus4290,1.0
bcus4291,1.0
bcus4292,1.0
bcus4293,1.0
bcus4294,1.0
bcus4295,1.0
bcus4296,1.0
bcus4297,1.0
bcus4298,1.0
bcus4299,1.0
bcus4300,1.0
bcus4301,1.0
bcus4302,1.0
bcus4303,1.0
bcus4304,1.0
bcus4305,1.0
bcus4306,1.0
bcus4307,1.0
bcus4308,1.0
bcus4309,1.0
bcus4310,1.0
bcus4311,1.0
bcus4312,1.0
bcus4313,1.0
bcus4314,1.0
bcus4315,1.0
bcus4316,1.0
bcus4317,1.0
bcus4318,1.0
bcus4319,1.0
bcus4320,1.0
bcus4321,1.0
bcus4322,1.0
bcus4323,1.0
bcus4324,1.0
bcus4325,1.0
bcus4326,1.0
bcus4327,1.0
bcus4328,1.0
bcus4329,1.0
bcus4330,1.0
bcus4331,1.0
bcus4332,1.0
bcus4333,1.0
bcus4334,1.0
bcus4335,1.0
bcus4336,1.0
bcus4337,1.0
bcus4338,1.0
bcus4339,1.0
bcus4340,1.0
bcus4341,1.0
bcus4342,1.0
bcus4343,1.0
bcus4344,1.0
bcus4345,1.0
bcus4346,1.0
bcus4347,1.0
bcus4348,1.0
bcus4349,1.0
bcus4350,1.0
bcus4351,1.0
bcus4352,1.0
bcus4353,1.0
bcus4354,1.0
bcus4355,1.0
bcus4356,1.0
bcus4357,1.0
bcus4358,1.0
bcus4359,1.0
bcus4360,1.0
bcus4361,1.0
bcus4362,1.0
bcus4363,1.0
bcus4364,1.0
bcus4365,1.0
bcus4366,1.0
bcus4367,1.0
bcus4368,1.0
bcus4369,1.0
bcus4370,1.0
bcus4371,1.0
bcus4372,1.0
bcus4373,1.0
bcus4374,1.0
bcus4375,1.0
bcus4376,1.0
bcus4377,1.0
bcus4378,1.0
bcus4379,1.0
bcus4380,1.0
bcus4381,1.0
bcus4382,1.0
bcus4383,1.0
bcus4384,1.0
bcus4385,1.0
bcus4386,1.0
bcus4387,1.0
bcus4388,1.0
bcus4389,1.0
bcus4390,1.0
bcus4391,1.0
bcus4392,1.0
bcus4393,1.0
bcus4394,1.0
bcus4395,1.0
bcus4396,1.0
bcus4397,1.0
bcus4398,1.0
bcus4399,1.0
bcus4400,1.0
bcus4401,1.0
bcus4402,1.0
bcus4403,1.0
bcus4404,1.0
bcus4405,1.0
bcus4406,1.0
bcus4407,1.0
bcus4408,1.0
bcus4409,1.0
bcus4410,1.0
bcus4411,1.0
bcus4412,1.0
bcus4413,1.0
bcus4414,1.0
bcus4415,1.0
bcus4416,1.0
bcus4417,1.0
bcus4418,1.0
bcus4419,1.0
bcus4420,1.0
bcus4421,1.0
bcus4422,1.0
bcus4423,1.0
bcus4424,1.0
bcus4425,1.0
bcus4426,1.0
bcus4427,1.0
bcus4428,1.0
bcus4429,1.0
bcus4430,1.0
bcus4431,1.0
bcus4432,1.0
bcus4433,1.0
bcus4434,1.0
bcus4435,1.0
bcus4436,1.0
bcus4437,1.0
bcus4438,1.0
bcus4439,1.0
bcus4440,1.0
bcus4441,1.0
bcus4442,1.0
bcus4443,1.0
bcus4444,1.0
bcus4445,1.0
bcus4446,1.0
bcus4447,1.0
bcus4448,1.0
bcus4449,1.0
bcus4450,1.0
bcus4451,1.0
bcus4452,1.0
bcus4453,1.0
bcus4454,1.0
bcus4455,1.0
bcus4456,1.0
bcus4457,1.0
bcus4458,1.0
bcus4459,1.0
bcus4460,1.0
bcus4461,1.0
bcus4462,1.0
bcus4463,1.0
bcus4464,1.0
bcus4465,1.0
bcus4466,1.0
bcus4467,1.0
bcus4468,1.0
bcus4469,1.0
bcus4470,1.0
bcus4471,1.0
bcus4472,1.0
bcus4473,1.0
bcus4474,1.0
bcus4475,1.0
bcus4476,1.0
bcus4477,1.0
bcus4478,1.0
bcus4479,1.0
bcus4480,1.0
bcus4481,1.0
bcus4482,1.0
bcus4483,1.0
bcus4484,1.0
bcus4485,1.0
bcus4486,1.0
bcus4487,1.0
bcus4488,1.0
bcus4489,1.0
bcus4490,1.0
bcus4491,1.0
bcus4492,1.0
bcus4493,1.0
bcus4494,1.0
bcus4495,1.0
bcus4496,1.0
bcus4497,1.0
bcus4498,1.0
bcus4499,1.0
bcus4500,1.0
bcus4501,1.0
bcus4502,1.0
bcus4503,1.0
bcus4504,1.0
bcus4505,1.0
bcus4506,1.0
bcus4507,1.0
bcus4508,1.0
bcus4509,1.0
bcus4510,1.0
bcus4511,1.0
bcus4512,1.0
bcus4513,1.0
bcus4514,1.0
bcus4515,1.0
bcus4516,1.0
bcus4517,1.0
bcus4518,1.0
bcus4519,1.0
bcus4520,1.0
bcus4521,1.0
bcus4522,1.0
bcus4523,1.0
bcus4524,1.0
bcus4525,1.0
bcus4526,1.0
bcus4527,1.0
bcus4528,1.0
bcus4529,1.0
bcus4530,1.0
bcus4531,1.0
bcus4532,1.0
bcus4533,1.0
bcus4534,1.0
bcus4535,1.0
bcus4536,1.0
bcus4537,1.0
bcus4538,1.0
bcus4539,1.0
bcus4540,1.0
bcus4541,1.0
bcus4542,1.0
bcus4543,1.0
bcus4544,1.0
bcus4545,1.0
bcus4546,1.0
bcus4547,1.0
bcus4548,1.0
bcus4549,1.0
bcus4550,1.0
bcus4551,1.0
bcus4552,1.0
bcus4553,1.0
bcus4554,1.0
bcus4555,1.0
bcus4556,1.0
bcus4557,1.0
bcus4558,1.0
bcus4559,1.0
bcus4560,1.0
bcus4561,1.0
bcus4562,1.0
bcus4563,1.0
bcus4564,1.0
bcus4565,1.0
bcus4566,1.0
bcus4567,1.0
bcus4568,1.0
bcus4569,1.0
bcus4570,1.0
bcus4571,1.0
bcus4572,1.0
bcus4573,1.0
bcus4574,1.0
bcus4575,1.0
bcus4576,1.0
bcus4577,1.0
bcus4578,1.0
bcus4579,1.0
bcus4580,1.0
bcus4581,1.0
bcus4582,1.0
bcus4583,1.0
bcus4584,1.0
bcus4585,1.0
bcus4586,1.0
bcus4587,1.0
bcus4588,1.0
bcus4589,1.0
bcus4590,1.0
bcus4591,1.0
bcus4592,1.0
bcus4593,1.0
bcus4594,1.0
bcus4595,1.0
bcus4596,1.0
bcus4597,1.0
bcus4598,1.0
bcus4599,1.0
bcus4600,1.0
bcus4601,1.0
bcus4602,1.0
bcus4603,1.0
bcus4604,1.0
bcus4605,1.0
bcus4606,1.0
bcus4607,1.0
bcus4608,1.0
bcus4609,1.0
bcus4610,1.0
bcus4611,1.0
bcus4612,1.0
bcus4613,1.0
bcus4614,1.0
bcus4615,1.0
bcus4616,1.0
bcus4617,1.0
bcus4618,1.0
bcus4619,1.0
bcus4620,1.0
bcus4621,1.0
bcus4622,1.0
bcus4623,1.0
bcus4624,1.0
bcus4625,1.0
bcus4626,1.0
bcus4627,1.0
bcus4628,1.0
bcus4629,1.0
bcus4630,1.0
bcus4631,1.0
bcus4632,1.0
bcus4633,1.0
bcus4634,1.0
bcus4635,1.0
bcus4636,1.0
bcus4637,1.0
bcus4638,1.0
bcus4639,1.0
bcus4640,1.0
bcus4641,1.0
bcus4642,1.0
bcus4643,1.0
bcus4644,1.0
bcus4645,1.0
bcus4646,1.0
bcus4647,1.0
bcus4648,1.0
bcus4649,1.0
bcus4650,1.0
bcus4651,1.0
bcus4652,1.0
bcus4653,1.0
bcus4654,1.0
bcus4655,1.0
bcus4656,1.0
bcus4657,1.0
bcus4658,1.0
bcus4659,1.0
bcus4660,1.0
bcus4661,1.0
bcus4662,1.0
bcus4663,1.0
bcus4664,1.0
bcus4665,1.0
bcus4666,1.0
bcus4667,1.0
bcus4668,1.0
bcus4669,1.0
bcus4670,1.0
bcus4671,1.0
bcus4672,1.0
bcus4673,1.0
bcus4674,1.0
bcus4675,1.0
bcus4676,1.0
bcus4677,1.0
bcus4678,1.0
bcus4679,1.0
bcus4680,1.0
bcus4681,1.0
bcus4682,1.0
bcus4683,1.0
bcus4684,1.0
bcus4685,1.0
bcus4686,1.0
bcus4687,1.0
bcus4688,1.0
bcus4689,1.0
bcus4690,1.0
bcus4691,1.0
bcus4692,1.0
bcus4693,1.0
bcus4694,1.0
bcus4695,1.0
bcus4696,1.0
bcus4697,1.0
bcus4698,1.0
bcus4699,1.0
bcus4700,1.0
bcus4701,1.0
bcus4702,1.0
bcus4703,1.0
bcus4704,1.0
bcus4705,1.0
bcus4706,1.0
bcus4707,1.0
bcus4708,1.0
bcus4709,1.0
bcus4710,1.0
bcus4711,1.0
bcus4712,1.0
bcus4713,1.0
bcus4714,1.0
bcus4715,1.0
bcus4716,1.0
bcus4717,1.0
bcus4718,1.0
bcus4719,1.0
bcus4720,1.0
bcus4721,1.0
bcus4722,1.0
bcus4723,1.0
bcus4724,1.0
bcus4725,1.0
bcus4726,1.0
bcus4727,1.0
bcus4728,1.0
bcus4729,1.0
bcus4730,1.0
bcus4731,1.0
bcus4732,1.0
bcus4733,1.0
bcus4734,1.0
bcus4735,1.0
bcus4736,1.0
bcus4737,1.0
bcus4738,1.0
bcus4739,1.0
bcus4740,1.0
bcus4741,1.0
bcus4742,1.0
bcus4743,1.0
bcus4744,1.0
bcus4745,1.0
bcus4746,1.0
bcus4747,1.0
bcus4748,1.0
bcus4749,1.0
bcus4750,1.0
bcus4751,1.0
bcus4752,1.0
bcus4753,1.0
bcus4754,1.0
bcus4755,1.0
bcus4756,1.0
bcus4757,1.0
bcus4758,1.0
bcus4759,1.0
bcus4760,1.0
bcus4761,1.0
bcus4762,1.0
bcus4763,1.0
bcus4764,1.0
bcus4765,1.0
bcus4766,1.0
bcus4767,1.0
bcus4768,1.0
bcus4769,1.0
bcus4770,1.0
bcus4771,1.0
bcus4772,1.0
bcus4773,1.0
bcus4774,1.0
bcus4775,1.0
bcus4776,1.0
bcus4777,1.0
bcus4778,1.0
bcus4779,1.0
bcus4780,1.0
bcus4781,1.0
bcus4782,1.0
bcus4783,1.0
bcus4784,1.0
bcus4785,1.0
bcus4786,1.0
bcus4787,1.0
bcus4788,1.0
bcus4789,1.0
bcus4790,1.0
bcus4791,1.0
bcus4792,1.0
bcus4793,1.0
bcus4794,1.0
bcus4795,1.0
bcus4796,1.0
bcus4797,1.0
bcus4798,1.0
bcus4799,1.0
bcus4800,1.0
bcus4801,1.0
bcus4802,1.0
bcus4803,1.0
bcus4804,1.0
bcus4805,1.0
bcus4806,1.0
bcus4807,1.0
bcus4808,1.0
bcus4809,1.0
bcus4810,1.0
bcus4811,1.0
bcus4812,1.0
bcus4813,1.0
bcus4814,1.0
bcus4815,1.0
bcus4816,1.0
bcus4817,1.0
bcus4818,1.0
bcus4819,1.0
bcus4820,1.0
bcus4821,1.0
bcus4822,1.0
bcus4823,1.0
bcus4824,1.0
bcus4825,1.0
bcus4826,1.0
bcus4827,1.0
bcus4828,1.0
bcus4829,1.0
bcus4830,1.0
bcus4831,1.0
bcus4832,1.0
bcus4833,1.0
bcus4834,1.0
bcus4835,1.0
bcus4836,1.0
bcus4837,1.0
bcus4838,1.0
bcus4839,1.0
bcus4840,1.0
bcus4841,1.0
bcus4842,1.0
bcus4843,1.0
bcus4844,1.0
bcus4845,1.0
bcus4846,1.0
bcus4847,1.0
bcus4848,1.0
bcus4849,1.0
bcus4850,1.0
bcus4851,1.0
bcus4852,1.0
bcus4853,1.0
bcus4854,1.0
bcus4855,1.0
bcus4856,1.0
bcus4857,1.0
bcus4858,1.0
bcus4859,1.0
bcus4860,1.0
bcus4861,1.0
bcus4862,1.0
bcus4863,1.0
bcus4864,1.0
bcus4865,1.0
bcus4866,1.0
bcus4867,1.0
bcus4868,1.0
bcus4869,1.0
bcus4870,1.0
bcus4871,1.0
bcus4872,1.0
bcus4873,1.0
bcus4874,1.0
bcus4875,1.0
bcus4876,1.0
bcus4877,1.0
bcus4878,1.0
bcus4879,1.0
bcus4880,1.0
bcus4881,1.0
bcus4882,1.0
bcus4883,1.0
bcus4884,1.0
bcus4885,1.0
bcus4886,1.0
bcus4887,1.0
bcus4888,1.0
bcus4889,1.0
bcus4890,1.0
bcus4891,1.0
bcus4892,1.0
bcus4893,1.0
bcus4894,1.0
bcus4895,1.0
bcus4896,1.0
bcus4897,1.0
bcus4898,1.0
bcus4899,1.0
bcus4900,1.0
bcus4901,1.0
bcus4902,1.0
bcus4903,1.0
bcus4904,1.0
bcus4905,1.0
bcus4906,1.0
bcus4907,1.0
bcus4908,1.0
bcus4909,1.0
bcus4910,1.0
bcus4911,1.0
bcus4912,1.0
bcus4913,1.0
bcus4914,1.0
bcus4915,1.0
bcus4916,1.0
bcus4917,1.0
bcus4918,1.0
bcus4919,1.0
bcus4920,1.0
bcus4921,1.0
bcus4922,1.0
bcus4923,1.0
bcus4924,1.0
bcus4925,1.0
bcus4926,1.0
bcus4927,1.0
bcus4928,1.0
bcus4929,1.0
bcus4930,1.0
bcus4931,1.0
bcus4932,1.0
bcus4933,1.0
bcus4934,1.0
bcus4935,1.0
bcus4936,1.0
bcus4937,1.0
bcus4938,1.0
bcus4939,1.0
bcus4940,1.0
bcus4941,1.0
bcus4942,1.0
bcus4943,1.0
bcus4944,1.0
bcus4945,1.0
bcus4946,1.0
bcus4947,1.0
bcus4948,1.0
bcus4949,1.0
bcus4950,1.0
bcus4951,1.0
bcus4952,1.0
bcus4953,1.0
bcus4954,1.0
bcus4955,1.0
bcus4956,1.0
bcus4957,1.0
bcus4958,1.0
bcus4959,1.0
bcus4960,1.0
bcus4961,1.0
bcus4962,1.0
bcus4963,1.0
bcus4964,1.0
bcus4965,1.0
bcus4966,1.0
bcus4967,1.0
bcus4968,1.0
bcus4969,1.0
bcus4970,1.0
bcus4971,1.0
bcus4972,1.0
bcus4973,1.0
bcus4974,1.0
bcus4975,1.0
bcus4976,1.0
bcus4977,1.0
bcus4978,1.0
bcus4979,1.0
bcus4980,1.0
bcus4981,1.0
bcus4982,1.0
bcus4983,1.0
bcus4984,1.0
bcus4985,1.0
bcus4986,1.0
bcus4987,1.0
bcus4988,1.0
bcus4989,1.0
bcus4990,1.0
bcus4991,1.0
bcus4992,1.0
bcus4993,1.0
bcus4994,1.0
bcus4995,1.0
bcus4996,1.0
bcus4997,1.0
bcus4998,1.0
bcus4999,1.0
bcus5000,1.0
bcus5001,1.0
bcus5002,1.0
bcus5003,1.0
bcus5004,1.0
bcus5005,1.0
bcus5006,1.0
bcus5007,1.0
bcus5008,1.0
bcus5009,1.0
bcus5010,1.0
bcus5011,1.0
bcus5012,1.0
bcus5013,1.0
bcus5014,1.0
bcus5015,1.0
bcus5016,1.0
bcus5017,1.0
bcus5018,1.0
bcus5019,1.0
bcus5020,1.0
bcus5021,1.0
bcus5022,1.0
bcus5023,1.0
bcus5024,1.0
bcus5025,1.0
bcus5026,1.0
bcus5027,1.0
bcus5028,1.0
bcus5029,1.0
bcus5030,1.0
bcus5031,1.0
bcus5032,1.0
bcus5033,1.0
bcus5034,1.0
bcus5035,1.0
bcus5036,1.0
bcus5037,1.0
bcus5038,1.0
bcus5039,1.0
bcus5040,1.0
bcus5041,1.0
bcus5042,1.0
bcus5043,1.0
bcus5044,1.0
bcus5045,1.0
bcus5046,1.0
bcus5047,1.0
bcus5048,1.0
bcus5049,1.0
bcus5050,1.0
bcus5051,1.0
bcus5052,1.0
bcus5053,1.0
bcus5054,1.0
bcus5055,1.0
bcus5056,1.0
bcus5057,1.0
bcus5058,1.0
bcus5059,1.0
bcus5060,1.0
bcus5061,1.0
bcus5062,1.0
bcus5063,1.0
bcus5064,1.0
bcus5065,1.0
bcus5066,1.0
bcus5067,1.0
bcus5068,1.0
bcus5069,1.0
bcus5070,1.0
bcus5071,1.0
bcus5072,1.0
bcus5073,1.0
bcus5074,1.0
bcus5075,1.0
bcus5076,1.0
bcus5077,1.0
bcus5078,1.0
bcus5079,1.0
bcus5080,1.0
bcus5081,1.0
bcus5082,1.0
bcus5083,1.0
bcus5084,1.0
bcus5085,1.0
bcus5086,1.0
bcus5087,1.0
bcus5088,1.0
bcus5089,1.0
bcus5090,1.0
bcus5091,1.0
bcus5092,1.0
bcus5093,1.0
bcus5094,1.0
bcus5095,1.0
bcus5096,1.0
bcus5097,1.0
bcus5098,1.0
bcus5099,1.0
bcus5100,1.0
bcus5101,1.0
bcus5102,1.0
bcus5103,1.0
bcus5104,1.0
bcus5105,1.0
bcus5106,1.0
bcus5107,1.0
bcus5108,1.0
bcus5109,1.0
bcus5110,1.0
bcus5111,1.0
bcus5112,1.0
bcus5113,1.0
bcus5114,1.0
bcus5115,1.0
bcus5116,1.0
bcus5117,1.0
bcus5118,1.0
bcus5119,1.0
bcus5120,1.0
bcus5121,1.0
bcus5122,1.0
bcus5123,1.0
bcus5124,1.0
bcus5125,1.0
bcus5126,1.0
bcus5127,1.0
bcus5128,1.0
bcus5129,1.0
bcus5130,1.0
bcus5131,1.0
bcus5132,1.0
bcus5133,1.0
bcus5134,1.0
bcus5135,1.0
bcus5136,1.0
bcus5137,1.0
bcus5138,1.0
bcus5139,1.0
bcus5140,1.0
bcus5141,1.0
bcus5142,1.0
bcus5143,1.0
bcus5144,1.0
bcus5145,1.0
bcus5146,1.0
bcus5147,1.0
bcus5148,1.0
bcus5149,1.0
bcus5150,1.0
bcus5151,1.0
bcus5152,1.0
bcus5153,1.0
bcus5154,1.0
bcus5155,1.0
bcus5156,1.0
bcus5157,1.0
bcus5158,1.0
bcus5159,1.0
bcus5160,1.0
bcus5161,1.0
bcus5162,1.0
bcus5163,1.0
bcus5164,1.0
bcus5165,1.0
bcus5166,1.0
bcus5167,1.0
bcus5168,1.0
bcus5169,1.0
bcus5170,1.0
bcus5171,1.0
bcus5172,1.0
bcus5173,1.0
bcus5174,1.0
bcus5175,1.0
bcus5176,1.0
bcus5177,1.0
bcus5178,1.0
bcus5179,1.0
bcus5180,1.0
bcus5181,1.0
bcus5182,1.0
bcus5183,1.0
bcus5184,1.0
bcus5185,1.0
bcus5186,1.0
bcus5187,1.0
bcus5188,1.0
bcus5189,1.0
bcus5190,1.0
bcus5191,1.0
bcus5192,1.0
bcus5193,1.0
bcus5194,1.0
bcus5195,1.0
bcus5196,1.0
bcus5197,1.0
bcus5198,1.0
bcus5199,1.0
bcus5200,1.0
bcus5201,1.0
bcus5202,1.0
bcus5203,1.0
bcus5204,1.0
bcus5205,1.0
bcus5206,1.0
bcus5207,1.0
bcus5208,1.0
bcus5209,1.0
bcus5210,1.0
bcus5211,1.0
bcus5212,1.0
bcus5213,1.0
bcus5214,1.0
bcus5215,1.0
bcus5216,1.0
bcus5217,1.0
bcus5218,1.0
bcus5219,1.0
bcus5220,1.0
bcus5221,1.0
bcus5222,1.0
bcus5223,1.0
bcus5224,1.0
bcus5225,1.0
bcus5226,1.0
bcus5227,1.0
bcus5228,1.0
bcus5229,1.0
bcus5230,1.0
bcus5231,1.0
bcus5232,1.0
bcus5233,1.0
bcus5234,1.0
bcus5235,1.0
bcus5236,1.0
bcus5237,1.0
bcus5238,1.0
bcus5239,1.0
bcus5240,1.0
bcus5241,1.0
bcus5242,1.0
bcus5243,1.0
bcus5244,1.0
bcus5245,1.0
bcus5246,1.0
bcus5247,1.0
bcus5248,1.0
bcus5249,1.0
bcus5250,1.0
bcus5251,1.0
bcus5252,1.0
bcus5253,1.0
bcus5254,1.0
bcus5255,1.0
bcus5256,1.0
bcus5257,1.0
bcus5258,1.0
bcus5259,1.0
bcus5260,1.0
bcus5261,1.0
bcus5262,1.0
bcus5263,1.0
bcus5264,1.0
bcus5265,1.0
bcus5266,1.0
bcus5267,1.0
bcus5268,1.0
bcus5269,1.0
bcus5270,1.0
bcus5271,1.0
bcus5272,1.0
bcus5273,1.0
bcus5274,1.0
bcus5275,1.0
bcus5276,1.0
bcus5277,1.0
bcus5278,1.0
bcus5279,1.0
bcus5280,1.0
bcus5281,1.0
bcus5282,1.0
bcus5283,1.0
bcus5284,1.0
bcus5285,1.0
bcus5286,1.0
bcus5287,1.0
bcus5288,1.0
bcus5289,1.0
bcus5290,1.0
bcus5291,1.0
bcus5292,1.0
bcus5293,1.0
bcus5294,1.0
bcus5295,1.0
bcus5296,1.0
bcus5297,1.0
bcus5298,1.0
bcus5299,1.0
bcus5300,1.0
bcus5301,1.0
bcus5302,1.0
bcus5303,1.0
bcus5304,1.0
bcus5305,1.0
bcus5306,1.0
bcus5307,1.0
bcus5308,1.0
bcus5309,1.0
bcus5310,1.0
bcus5311,1.0
bcus5312,1.0
bcus5313,1.0
bcus5314,1.0
bcus5315,1.0
bcus5316,1.0
bcus5317,1.0
bcus5318,1.0
bcus5319,1.0
bcus5320,1.0
bcus5321,1.0
bcus5322,1.0
bcus5323,1.0
bcus5324,1.0
bcus5325,1.0
bcus5326,1.0
bcus5327,1.0
bcus5328,1.0
bcus5329,1.0
bcus5330,1.0
bcus5331,1.0
bcus5332,1.0
bcus5333,1.0
bcus5334,1.0
bcus5335,1.0
bcus5336,1.0
bcus5337,1.0
bcus5338,1.0
bcus5339,1.0
bcus5340,1.0
bcus5341,1.0
bcus5342,1.0
bcus5343,1.0
bcus5344,1.0
bcus5345,1.0
bcus5346,1.0
bcus5347,1.0
bcus5348,1.0
bcus5349,1.0
bcus5350,1.0
bcus5351,1.0
bcus5352,1.0
bcus5353,1.0
bcus5354,1.0
bcus5355,1.0
bcus5356,1.0
bcus5357,1.0
bcus5358,1.0
bcus5359,1.0
bcus5360,1.0
bcus5361,1.0
bcus5362,1.0
bcus5363,1.0
bcus5364,1.0
bcus5365,1.0
bcus5366,1.0
bcus5367,1.0
bcus5368,1.0
bcus5369,1.0
bcus5370,1.0
bcus5371,1.0
bcus5372,1.0
bcus5373,1.0
bcus5374,1.0
bcus5375,1.0
bcus5376,1.0
bcus5377,1.0
bcus5378,1.0
bcus5379,1.0
bcus5380,1.0
bcus5381,1.0
bcus5382,1.0
bcus5383,1.0
bcus5384,1.0
bcus5385,1.0
bcus5386,1.0
bcus5387,1.0
bcus5388,1.0
bcus5389,1.0
bcus5390,1.0
bcus5391,1.0
bcus5392,1.0
bcus5393,1.0
bcus5394,1.0
bcus5395,1.0
bcus5396,1.0
bcus5397,1.0
bcus5398,1.0
bcus5399,1.0
bcus5400,1.0
bcus5401,1.0
bcus5402,1.0
bcus5403,1.0
bcus5404,1.0
bcus5405,1.0
bcus5406,1.0
bcus5407,1.0
bcus5408,1.0
bcus5409,1.0
bcus5410,1.0
bcus5411,1.0
bcus5412,1.0
bcus5413,1.0
bcus5414,1.0
bcus5415,1.0
bcus5416,1.0
bcus5417,1.0
bcus5418,1.0
bcus5419,1.0
bcus5420,1.0
bcus5421,1.0
bcus5422,1.0
bcus5423,1.0
bcus5424,1.0
bcus5425,1.0
bcus5426,1.0
bcus5427,1.0
bcus5428,1.0
bcus5429,1.0
bcus5430,1.0
bcus5431,1.0
bcus5432,1.0
bcus5433,1.0
bcus5434,1.0
bcus5435,1.0
bcus5436,1.0
bcus5437,1.0
bcus5438,1.0
bcus5439,1.0
bcus5440,1.0
bcus5441,1.0
bcus5442,1.0
bcus5443,1.0
bcus5444,1.0
bcus5445,1.0
bcus5446,1.0
bcus5447,1.0
bcus5448,1.0
bcus5449,1.0
bcus5450,1.0
bcus5451,1.0
bcus5452,1.0
bcus5453,1.0
bcus5454,1.0
bcus5455,1.0
bcus5456,1.0
bcus5457,1.0
bcus5458,1.0
bcus5459,1.0
bcus5460,1.0
bcus5461,1.0
bcus5462,1.0
bcus5463,1.0
bcus5464,1.0
bcus5465,1.0
bcus5466,1.0
bcus5467,1.0
bcus5468,1.0
bcus5469,1.0
bcus5470,1.0
bcus5471,1.0
bcus5472,1.0
bcus5473,1.0
bcus5474,1.0
bcus5475,1.0
bcus5476,1.0
bcus5477,1.0
bcus5478,1.0
bcus5479,1.0
bcus5480,1.0
bcus5481,1.0
bcus5482,1.0
bcus5483,1.0
bcus5484,1.0
bcus5485,1.0
bcus5486,1.0
bcus5487,1.0
bcus5488,1.0
bcus5489,1.0
bcus5490,1.0
bcus5491,1.0
bcus5492,1.0
bcus5493,1.0
bcus5494,1.0
bcus5495,1.0
bcus5496,1.0
bcus5497,1.0
bcus5498,1.0
bcus5499,1.0
bcus5500,1.0
bcus5501,1.0
bcus5502,1.0
bcus5503,1.0
bcus5504,1.0
bcus5505,1.0
bcus5506,1.0
bcus5507,1.0
bcus5508,1.0
bcus5509,1.0
bcus5510,1.0
bcus5511,1.0
bcus5512,1.0
bcus5513,1.0
bcus5514,1.0
bcus5515,1.0
bcus5516,1.0
bcus5517,1.0
bcus5518,1.0
bcus5519,1.0
bcus5520,1.0
bcus5521,1.0
bcus5522,1.0
bcus5523,1.0
bcus5524,1.0
bcus5525,1.0
bcus5526,1.0
bcus5527,1.0
bcus5528,1.0
bcus5529,1.0
bcus5530,1.0
bcus5531,1.0
bcus5532,1.0
bcus5533,1.0
bcus5534,1.0
bcus5535,1.0
bcus5536,1.0
bcus5537,1.0
bcus5538,1.0
bcus5539,1.0
bcus5540,1.0
bcus5541,1.0
bcus5542,1.0
bcus5543,1.0
bcus5544,1.0
bcus5545,1.0
bcus5546,1.0
bcus5547,1.0
bcus5548,1.0
bcus5549,1.0
bcus5550,1.0
bcus5551,1.0
bcus5552,1.0
bcus5553,1.0
bcus5554,1.0
bcus5555,1.0
bcus5556,1.0
bcus5557,1.0
bcus5558,1.0
bcus5559,1.0
bcus5560,1.0
bcus5561,1.0
bcus5562,1.0
bcus5563,1.0
bcus5564,1.0
bcus5565,1.0
bcus5566,1.0
bcus5567,1.0
bcus5568,1.0
bcus5569,1.0
bcus5570,1.0
bcus5571,1.0
bcus5572,1.0
bcus5573,1.0
bcus5574,1.0
bcus5575,1.0
bcus5576,1.0
bcus5577,1.0
bcus5578,1.0
bcus5579,1.0
bcus5580,1.0
bcus5581,1.0
bcus5582,1.0
bcus5583,1.0
bcus5584,1.0
bcus5585,1.0
bcus5586,1.0
bcus5587,1.0
bcus5588,1.0
bcus5589,1.0
bcus5590,1.0
bcus5591,1.0
bcus5592,1.0
bcus5593,1.0
bcus5594,1.0
bcus5595,1.0
bcus5596,1.0
bcus5597,1.0
bcus5598,1.0
bcus5599,1.0
bcus5600,1.0
bcus5601,1.0
bcus5602,1.0
bcus5603,1.0
bcus5604,1.0
bcus5605,1.0
bcus5606,1.0
bcus5607,1.0
bcus5608,1.0
bcus5609,1.0
bcus5610,1.0
bcus5611,1.0
bcus5612,1.0
bcus5613,1.0
bcus5614,1.0
bcus5615,1.0
bcus5616,1.0
bcus5617,1.0
bcus5618,1.0
bcus5619,1.0
bcus5620,1.0
bcus5621,1.0
bcus5622,1.0
bcus5623,1.0
bcus5624,1.0
bcus5625,1.0
bcus5626,1.0
bcus5627,1.0
bcus5628,1.0
bcus5629,1.0
bcus5630,1.0
bcus5631,1.0
bcus5632,1.0
bcus5633,1.0
bcus5634,1.0
bcus5635,1.0
bcus5636,1.0
bcus5637,1.0
bcus5638,1.0
bcus5639,1.0
bcus5640,1.0
bcus5641,1.0
bcus5642,1.0
bcus5643,1.0
bcus5644,1.0
bcus5645,1.0
bcus5646,1.0
bcus5647,1.0
bcus5648,1.0
bcus5649,1.0
bcus5650,1.0
bcus5651,1.0
bcus5652,1.0
bcus5653,1.0
bcus5654,1.0
bcus5655,1.0
bcus5656,1.0
bcus5657,1.0
bcus5658,1.0
bcus5659,1.0
bcus5660,1.0
bcus5661,1.0
bcus5662,1.0
bcus5663,1.0
bcus5664,1.0
bcus5665,1.0
bcus5666,1.0
bcus5667,1.0
bcus5668,1.0
bcus5669,1.0
bcus5670,1.0
bcus5671,1.0
bcus5672,1.0
bcus5673,1.0
bcus5674,1.0
bcus5675,1.0
bcus5676,1.0
bcus5677,1.0
bcus5678,1.0
bcus5679,1.0
bcus5680,1.0
bcus5681,1.0
bcus5682,1.0
bcus5683,1.0
bcus5684,1.0
bcus5685,1.0
bcus5686,1.0
bcus5687,1.0
bcus5688,1.0
bcus5689,1.0
bcus5690,1.0
bcus5691,1.0
bcus5692,1.0
bcus5693,1.0
bcus5694,1.0
bcus5695,1.0
bcus5696,1.0
bcus5697,1.0
bcus5698,1.0
bcus5699,1.0
bcus5700,1.0
bcus5701,1.0
bcus5702,1.0
bcus5703,1.0
bcus5704,1.0
bcus5705,1.0
bcus5706,1.0
bcus5707,1.0
bcus5708,1.0
bcus5709,1.0
bcus5710,1.0
bcus5711,1.0
bcus5712,1.0
bcus5713,1.0
bcus5714,1.0
bcus5715,1.0
bcus5716,1.0
bcus5717,1.0
bcus5718,1.0
bcus5719,1.0
bcus5720,1.0
bcus5721,1.0
bcus5722,1.0
bcus5723,1.0
bcus5724,1.0
bcus5725,1.0
bcus5726,1.0
bcus5727,1.0
bcus5728,1.0
bcus5729,1.0
bcus5730,1.0
bcus5731,1.0
bcus5732,1.0
bcus5733,1.0
bcus5734,1.0
bcus5735,1.0
bcus5736,1.0
bcus5737,1.0
bcus5738,1.0
bcus5739,1.0
bcus5740,1.0
bcus5741,1.0
bcus5742,1.0
bcus5743,1.0
bcus5744,1.0
bcus5745,1.0
bcus5746,1.0
bcus5747,1.0
bcus5748,1.0
bcus5749,1.0
bcus5750,1.0
bcus5751,1.0
bcus5752,1.0
bcus5753,1.0
bcus5754,1.0
bcus5755,1.0
bcus5756,1.0
bcus5757,1.0
bcus5758,1.0
bcus5759,1.0
bcus5760,1.0
bcus5761,1.0
bcus5762,1.0
bcus5763,1.0
bcus5764,1.0
bcus5765,1.0
bcus5766,1.0
bcus5767,1.0
bcus5768,1.0
bcus5769,1.0
bcus5770,1.0
bcus5771,1.0
bcus5772,1.0
bcus5773,1.0
bcus5774,1.0
bcus5775,1.0
bcus5776,1.0
bcus5777,1.0
bcus5778,1.0
bcus5779,1.0
bcus5780,1.0
bcus5781,1.0
bcus5782,1.0
bcus5783,1.0
bcus5784,1.0
bcus5785,1.0
bcus5786,1.0
bcus5787,1.0
bcus5788,1.0
bcus5789,1.0
bcus5790,1.0
bcus5791,1.0
bcus5792,1.0
bcus5793,1.0
bcus5794,1.0
bcus5795,1.0
bcus5796,1.0
bcus5797,1.0
bcus5798,1.0
bcus5799,1.0
bcus5800,1.0
bcus5801,1.0
bcus5802,1.0
bcus5803,1.0
bcus5804,1.0
bcus5805,1.0
bcus5806,1.0
bcus5807,1.0
bcus5808,1.0
bcus5809,1.0
bcus5810,1.0
bcus5811,1.0
bcus5812,1.0
bcus5813,1.0
bcus5814,1.0
bcus5815,1.0
bcus5816,1.0
bcus5817,1.0
bcus5818,1.0
bcus5819,1.0
bcus5820,1.0
bcus5821,1.0
bcus5822,1.0
bcus5823,1.0
bcus5824,1.0
bcus5825,1.0
bcus5826,1.0
bcus5827,1.0
bcus5828,1.0
bcus5829,1.0
bcus5830,1.0
bcus5831,1.0
bcus5832,1.0
bcus5833,1.0
bcus5834,1.0
bcus5835,1.0
bcus5836,1.0
bcus5837,1.0
bcus5838,1.0
bcus5839,1.0
bcus5840,1.0
bcus5841,1.0
bcus5842,1.0
bcus5843,1.0
bcus5844,1.0
bcus5845,1.0
bcus5846,1.0
bcus5847,1.0
bcus5848,1.0
bcus5849,1.0
bcus5850,1.0
bcus5851,1.0
bcus5852,1.0
bcus5853,1.0
bcus5854,1.0
bcus5855,1.0
bcus5856,1.0
bcus5857,1.0
bcus5858,1.0
bcus5859,1.0
bcus5860,1.0
bcus5861,1.0
bcus5862,1.0
bcus5863,1.0
bcus5864,1.0
bcus5865,1.0
bcus5866,1.0
bcus5867,1.0
bcus5868,1.0
bcus5869,1.0
bcus5870,1.0
bcus5871,1.0
bcus5872,1.0
bcus5873,1.0
bcus5874,1.0
bcus5875,1.0
bcus5876,1.0
bcus5877,1.0
bcus5878,1.0
bcus5879,1.0
bcus5880,1.0
bcus5881,1.0
bcus5882,1.0
bcus5883,1.0
bcus5884,1.0
bcus5885,1.0
bcus5886,1.0
bcus5887,1.0
bcus5888,1.0
bcus5889,1.0
bcus5890,1.0
bcus5891,1.0
bcus5892,1.0
bcus5893,1.0
bcus5894,1.0
bcus5895,1.0
bcus5896,1.0
bcus5897,1.0
bcus5898,1.0
bcus5899,1.0
bcus5900,1.0
bcus5901,1.0
bcus5902,1.0
bcus5903,1.0
bcus5904,1.0
bcus5905,1.0
bcus5906,1.0
bcus5907,1.0
bcus5908,1.0
bcus5909,1.0
bcus5910,1.0
bcus5911,1.0
bcus5912,1.0
bcus5913,1.0
bcus5914,1.0
bcus5915,1.0
bcus5916,1.0
bcus5917,1.0
bcus5918,1.0
bcus5919,1.0
bcus5920,1.0
bcus5921,1.0
bcus5922,1.0
bcus5923,1.0
bcus5924,1.0
bcus5925,1.0
bcus5926,1.0
bcus5927,1.0
bcus5928,1.0
bcus5929,1.0
bcus5930,1.0
bcus5931,1.0
bcus5932,1.0
bcus5933,1.0
bcus5934,1.0
bcus5935,1.0
bcus5936,1.0
bcus5937,1.0
bcus5938,1.0
bcus5939,1.0
bcus5940,1.0
bcus5941,1.0
bcus5942,1.0
bcus5943,1.0
bcus5944,1.0
bcus5945,1.0
bcus5946,1.0
bcus5947,1.0
bcus5948,1.0
bcus5949,1.0
bcus5950,1.0
bcus5951,1.0
bcus5952,1.0
bcus5953,1.0
bcus5954,1.0
bcus5955,1.0
bcus5956,1.0
bcus5957,1.0
bcus5958,1.0
bcus5959,1.0
bcus5960,1.0
bcus5961,1.0
bcus5962,1.0
bcus5963,1.0
bcus5964,1.0
bcus5965,1.0
bcus5966,1.0
bcus5967,1.0
bcus5968,1.0
bcus5969,1.0
bcus5970,1.0
bcus5971,1.0
bcus5972,1.0
bcus5973,1.0
bcus5974,1.0
bcus5975,1.0
bcus5976,1.0
bcus5977,1.0
bcus5978,1.0
bcus5979,1.0
bcus5980,1.0
bcus5981,1.0
bcus5982,1.0
bcus5983,1.0
bcus5984,1.0
bcus5985,1.0
bcus5986,1.0
bcus5987,1.0
bcus5988,1.0
bcus5989,1.0
bcus5990,1.0
bcus5991,1.0
bcus5992,1.0
bcus5993,1.0
bcus5994,1.0
bcus5995,1.0
bcus5996,1.0
bcus5997,1.0
bcus5998,1.0
bcus5999,1.0
bcus6000,1.0
bcus6001,1.0
bcus6002,1.0
bcus6003,1.0
bcus6004,1.0
bcus6005,1.0
bcus6006,1.0
bcus6007,1.0
bcus6008,1.0
bcus6009,1.0
bcus6010,1.0
bcus6011,1.0
bcus6012,1.0
bcus6013,1.0
bcus6014,1.0
bcus6015,1.0
bcus6016,1.0
bcus6017,1.0
bcus6018,1.0
bcus6019,1.0
bcus6020,1.0
bcus6021,1.0
bcus6022,1.0
bcus6023,1.0
bcus6024,1.0
bcus6025,1.0
bcus6026,1.0
bcus6027,1.0
bcus6028,1.0
bcus6029,1.0
bcus6030,1.0
bcus6031,1.0
bcus6032,1.0
bcus6033,1.0
bcus6034,1.0
bcus6035,1.0
bcus6036,1.0
bcus6037,1.0
bcus6038,1.0
bcus6039,1.0
bcus6040,1.0
bcus6041,1.0
bcus6042,1.0
bcus6043,1.0
bcus6044,1.0
bcus6045,1.0
bcus6046,1.0
bcus6047,1.0
bcus6048,1.0
bcus6049,1.0
bcus6050,1.0
bcus6051,1.0
bcus6052,1.0
bcus6053,1.0
bcus6054,1.0
bcus6055,1.0
bcus6056,1.0
bcus6057,1.0
bcus6058,1.0
bcus6059,1.0
bcus6060,1.0
bcus6061,1.0
bcus6062,1.0
bcus6063,1.0
bcus6064,1.0
bcus6065,1.0
bcus6066,1.0
bcus6067,1.0
bcus6068,1.0
bcus6069,1.0
bcus6070,1.0
bcus6071,1.0
bcus6072,1.0
bcus6073,1.0
bcus6074,1.0
bcus6075,1.0
bcus6076,1.0
bcus6077,1.0
bcus6078,1.0
bcus6079,1.0
bcus6080,1.0
bcus6081,1.0
bcus6082,1.0
bcus6083,1.0
bcus6084,1.0
bcus6085,1.0
bcus6086,1.0
bcus6087,1.0
bcus6088,1.0
bcus6089,1.0
bcus6090,1.0
bcus6091,1.0
bcus6092,1.0
bcus6093,1.0
bcus6094,1.0
bcus6095,1.0
bcus6096,1.0
bcus6097,1.0
bcus6098,1.0
bcus6099,1.0
bcus6100,1.0
bcus6101,1.0
bcus6102,1.0
bcus6103,1.0
bcus6104,1.0
bcus6105,1.0
bcus6106,1.0
bcus6107,1.0
bcus6108,1.0
bcus6109,1.0
bcus6110,1.0
bcus6111,1.0
bcus6112,1.0
bcus6113,1.0
bcus6114,1.0
bcus6115,1.0
bcus6116,1.0
bcus6117,1.0
bcus6118,1.0
bcus6119,1.0
bcus6120,1.0
bcus6121,1.0
bcus6122,1.0
bcus6123,1.0
bcus6124,1.0
bcus6125,1.0
bcus6126,1.0
bcus6127,1.0
bcus6128,1.0
bcus6129,1.0
bcus6130,1.0
bcus6131,1.0
bcus6132,1.0
bcus6133,1.0
bcus6134,1.0
bcus6135,1.0
bcus6136,1.0
bcus6137,1.0
bcus6138,1.0
bcus6139,1.0
bcus6140,1.0
bcus6141,1.0
bcus6142,1.0
bcus6143,1.0
bcus6144,1.0
bcus6145,1.0
bcus6146,1.0
bcus6147,1.0
bcus6148,1.0
bcus6149,1.0
bcus6150,1.0
bcus6151,1.0
bcus6152,1.0
bcus6153,1.0
bcus6154,1.0
bcus6155,1.0
bcus6156,1.0
bcus6157,1.0
bcus6158,1.0
bcus6159,1.0
bcus6160,1.0
bcus6161,1.0
bcus6162,1.0
bcus6163,1.0
bcus6164,1.0
bcus6165,1.0
bcus6166,1.0
bcus6167,1.0
bcus6168,1.0
bcus6169,1.0
bcus6170,1.0
bcus6171,1.0
bcus6172,1.0
bcus6173,1.0
bcus6174,1.0
bcus6175,1.0
bcus6176,1.0
bcus6177,1.0
bcus6178,1.0
bcus6179,1.0
bcus6180,1.0
bcus6181,1.0
bcus6182,1.0
bcus6183,1.0
bcus6184,1.0
bcus6185,1.0
bcus6186,1.0
bcus6187,1.0
bcus6188,1.0
bcus6189,1.0
bcus6190,1.0
bcus6191,1.0
bcus6192,1.0
bcus6193,1.0
bcus6194,1.0
bcus6195,1.0
bcus6196,1.0
bcus6197,1.0
bcus6198,1.0
bcus6199,1.0
bcus6200,1.0
bcus6201,1.0
bcus6202,1.0
bcus6203,1.0
bcus6204,1.0
bcus6205,1.0
bcus6206,1.0
bcus6207,1.0
bcus6208,1.0
bcus6209,1.0
bcus6210,1.0
bcus6211,1.0
bcus6212,1.0
bcus6213,1.0
bcus6214,1.0
bcus6215,1.0
bcus6216,1.0
bcus6217,1.0
bcus6218,1.0
bcus6219,1.0
bcus6220,1.0
bcus6221,1.0
bcus6222,1.0
bcus6223,1.0
bcus6224,1.0
bcus6225,1.0
bcus6226,1.0
bcus6227,1.0
bcus6228,1.0
bcus6229,1.0
bcus6230,1.0
bcus6231,1.0
bcus6232,1.0
bcus6233,1.0
bcus6234,1.0
bcus6235,1.0
bcus6236,1.0
bcus6237,1.0
bcus6238,1.0
bcus6239,1.0
bcus6240,1.0
bcus6241,1.0
bcus6242,1.0
bcus6243,1.0
bcus6244,1.0
bcus6245,1.0
bcus6246,1.0
bcus6247,1.0
bcus6248,1.0
bcus6249,1.0
bcus6250,1.0
bcus6251,1.0
bcus6252,1.0
bcus6253,1.0
bcus6254,1.0
bcus6255,1.0
bcus6256,1.0
bcus6257,1.0
bcus6258,1.0
bcus6259,1.0
bcus6260,1.0
bcus6261,1.0
bcus6262,1.0
bcus6263,1.0
bcus6264,1.0
bcus6265,1.0
bcus6266,1.0
bcus6267,1.0
bcus6268,1.0
bcus6269,1.0
bcus6270,1.0
bcus6271,1.0
bcus6272,1.0
bcus6273,1.0
bcus6274,1.0
bcus6275,1.0
bcus6276,1.0
bcus6277,1.0
bcus6278,1.0
bcus6279,1.0
bcus6280,1.0
bcus6281,1.0
bcus6282,1.0
bcus6283,1.0
bcus6284,1.0
bcus6285,1.0
bcus6286,1.0
bcus6287,1.0
bcus6288,1.0
bcus6289,1.0
bcus6290,1.0
bcus6291,1.0
bcus6292,1.0
bcus6293,1.0
bcus6294,1.0
bcus6295,1.0
bcus6296,1.0
bcus6297,1.0
bcus6298,1.0
bcus6299,1.0
bcus6300,1.0
bcus6301,1.0
bcus6302,1.0
bcus6303,1.0
bcus6304,1.0
bcus6305,1.0
bcus6306,1.0
bcus6307,1.0
bcus6308,1.0
bcus6309,1.0
bcus6310,1.0
bcus6311,1.0
bcus6312,1.0
bcus6313,1.0
bcus6314,1.0
bcus6315,1.0
bcus6316,1.0
bcus6317,1.0
bcus6318,1.0
bcus6319,1.0
bcus6320,1.0
bcus6321,1.0
bcus6322,1.0
bcus6323,1.0
bcus6324,1.0
bcus6325,1.0
bcus6326,1.0
bcus6327,1.0
bcus6328,1.0
bcus6329,1.0
bcus6330,1.0
bcus6331,1.0
bcus6332,1.0
bcus6333,1.0
bcus6334,1.0
bcus6335,1.0
bcus6336,1.0
bcus6337,1.0
bcus6338,1.0
bcus6339,1.0
bcus6340,1.0
bcus6341,1.0
bcus6342,1.0
bcus6343,1.0
bcus6344,1.0
bcus6345,1.0
bcus6346,1.0
bcus6347,1.0
bcus6348,1.0
bcus6349,1.0
bcus6350,1.0
bcus6351,1.0
bcus6352,1.0
bcus6353,1.0
bcus6354,1.0
bcus6355,1.0
bcus6356,1.0
bcus6357,1.0
bcus6358,1.0
bcus6359,1.0
bcus6360,1.0
bcus6361,1.0
bcus6362,1.0
bcus6363,1.0
bcus6364,1.0
bcus6365,1.0
bcus6366,1.0
bcus6367,1.0
bcus6368,1.0
bcus6369,1.0
bcus6370,1.0
bcus6371,1.0
bcus6372,1.0
bcus6373,1.0
bcus6374,1.0
bcus6375,1.0
bcus6376,1.0
bcus6377,1.0
bcus6378,1.0
bcus6379,1.0
bcus6380,1.0
bcus6381,1.0
bcus6382,1.0
bcus6383,1.0
bcus6384,1.0
bcus6385,1.0
bcus6386,1.0
bcus6387,1.0
bcus6388,1.0
bcus6389,1.0
bcus6390,1.0
bcus6391,1.0
bcus6392,1.0
bcus6393,1.0
bcus6394,1.0
bcus6395,1.0
bcus6396,1.0
bcus6397,1.0
bcus6398,1.0
bcus6399,1.0
bcus6400,1.0
bcus6401,1.0
bcus6402,1.0
bcus6403,1.0
bcus6404,1.0
bcus6405,1.0
bcus6406,1.0
bcus6407,1.0
bcus6408,1.0
bcus6409,1.0
bcus6410,1.0
bcus6411,1.0
bcus6412,1.0
bcus6413,1.0
bcus6414,1.0
bcus6415,1.0
bcus6416,1.0
bcus6417,1.0
bcus6418,1.0
bcus6419,1.0
bcus6420,1.0
bcus6421,1.0
bcus6422,1.0
bcus6423,1.0
bcus6424,1.0
bcus6425,1.0
bcus6426,1.0
bcus6427,1.0
bcus6428,1.0
bcus6429,1.0
bcus6430,1.0
bcus6431,1.0
bcus6432,1.0
bcus6433,1.0
bcus6434,1.0
bcus6435,1.0
bcus6436,1.0
bcus6437,1.0
bcus6438,1.0
bcus6439,1.0
bcus6440,1.0
bcus6441,1.0
bcus6442,1.0
bcus6443,1.0
bcus6444,1.0
bcus6445,1.0
bcus6446,1.0
bcus6447,1.0
bcus6448,1.0
bcus6449,1.0
bcus6450,1.0
bcus6451,1.0
bcus6452,1.0
bcus6453,1.0
bcus6454,1.0
bcus6455,1.0
bcus6456,1.0
bcus6457,1.0
bcus6458,1.0
bcus6459,1.0
bcus6460,1.0
bcus6461,1.0
bcus6462,1.0
bcus6463,1.0
bcus6464,1.0
bcus6465,1.0
bcus6466,1.0
bcus6467,1.0
bcus6468,1.0
bcus6469,1.0
bcus6470,1.0
bcus6471,1.0
bcus6472,1.0
bcus6473,1.0
bcus6474,1.0
bcus6475,1.0
bcus6476,1.0
bcus6477,1.0
bcus6478,1.0
bcus6479,1.0
bcus6480,1.0
bcus6481,1.0
bcus6482,1.0
bcus6483,1.0
bcus6484,1.0
bcus6485,1.0
bcus6486,1.0
bcus6487,1.0
bcus6488,1.0
bcus6489,1.0
bcus6490,1.0
bcus6491,1.0
bcus6492,1.0
bcus6493,1.0
bcus6494,1.0
bcus6495,1.0
bcus6496,1.0
bcus6497,1.0
bcus6498,1.0
bcus6499,1.0
bcus6500,1.0
bcus6501,1.0
bcus6502,1.0
bcus6503,1.0
bcus6504,1.0
bcus6505,1.0
bcus6506,1.0
bcus6507,1.0
bcus6508,1.0
bcus6509,1.0
bcus6510,1.0
bcus6511,1.0
bcus6512,1.0
bcus6513,1.0
bcus6514,1.0
bcus6515,1.0
bcus6516,1.0
bcus6517,1.0
bcus6518,1.0
bcus6519,1.0
bcus6520,1.0
bcus6521,1.0
bcus6522,1.0
bcus6523,1.0
bcus6524,1.0
bcus6525,1.0
bcus6526,1.0
bcus6527,1.0
bcus6528,1.0
bcus6529,1.0
bcus6530,1.0
bcus6531,1.0
bcus6532,1.0
bcus6533,1.0
bcus6534,1.0
bcus6535,1.0
bcus6536,1.0
bcus6537,1.0
bcus6538,1.0
bcus6539,1.0
bcus6540,1.0
bcus6541,1.0
bcus6542,1.0
bcus6543,1.0
bcus6544,1.0
bcus6545,1.0
bcus6546,1.0
bcus6547,1.0
bcus6548,1.0
bcus6549,1.0
bcus6550,1.0
bcus6551,1.0
bcus6552,1.0
bcus6553,1.0
bcus6554,1.0
bcus6555,1.0
bcus6556,1.0
bcus6557,1.0
bcus6558,1.0
bcus6559,1.0
bcus6560,1.0
bcus6561,1.0
bcus6562,1.0
bcus6563,1.0
bcus6564,1.0
bcus6565,1.0
bcus6566,1.0
bcus6567,1.0
bcus6568,1.0
bcus6569,1.0
bcus6570,1.0
bcus6571,1.0
bcus6572,1.0
bcus6573,1.0
bcus6574,1.0
bcus6575,1.0
bcus6576,1.0
bcus6577,1.0
bcus6578,1.0
bcus6579,1.0
bcus6580,1.0
bcus6581,1.0
bcus6582,1.0
bcus6583,1.0
bcus6584,1.0
bcus6585,1.0
bcus6586,1.0
bcus6587,1.0
bcus6588,1.0
bcus6589,1.0
bcus6590,1.0
bcus6591,1.0
bcus6592,1.0
bcus6593,1.0
bcus6594,1.0
bcus6595,1.0
bcus6596,1.0
bcus6597,1.0
bcus6598,1.0
bcus6599,1.0
bcus6600,1.0
bcus6601,1.0
bcus6602,1.0
bcus6603,1.0
bcus6604,1.0
bcus6605,1.0
bcus6606,1.0
bcus6607,1.0
bcus6608,1.0
bcus6609,1.0
bcus6610,1.0
bcus6611,1.0
bcus6612,1.0
bcus6613,1.0
bcus6614,1.0
bcus6615,1.0
bcus6616,1.0
bcus6617,1.0
bcus6618,1.0
bcus6619,1.0
bcus6620,1.0
bcus6621,1.0
bcus6622,1.0
bcus6623,1.0
bcus6624,1.0
bcus6625,1.0
bcus6626,1.0
bcus6627,1.0
bcus6628,1.0
bcus6629,1.0
bcus6630,1.0
bcus6631,1.0
bcus6632,1.0
bcus6633,1.0
bcus6634,1.0
bcus6635,1.0
bcus6636,1.0
bcus6637,1.0
bcus6638,1.0
bcus6639,1.0
bcus6640,1.0
bcus6641,1.0
bcus6642,1.0
bcus6643,1.0
bcus6644,1.0
bcus6645,1.0
bcus6646,1.0
bcus6647,1.0
bcus6648,1.0
bcus6649,1.0
bcus6650,1.0
bcus6651,1.0
bcus6652,1.0
bcus6653,1.0
bcus6654,1.0
bcus6655,1.0
bcus6656,1.0
bcus6657,1.0
bcus6658,1.0
bcus6659,1.0
bcus6660,1.0
bcus6661,1.0
bcus6662,1.0
bcus6663,1.0
bcus6664,1.0
bcus6665,1.0
bcus6666,1.0
bcus6667,1.0
bcus6668,1.0
bcus6669,1.0
bcus6670,1.0
bcus6671,1.0
bcus6672,1.0
bcus6673,1.0
bcus6674,1.0
bcus6675,1.0
bcus6676,1.0
bcus6677,1.0
bcus6678,1.0
bcus6679,1.0
bcus6680,1.0
bcus6681,1.0
bcus6682,1.0
bcus6683,1.0
bcus6684,1.0
bcus6685,1.0
bcus6686,1.0
bcus6687,1.0
bcus6688,1.0
bcus6689,1.0
bcus6690,1.0
bcus6691,1.0
bcus6692,1.0
bcus6693,1.0
bcus6694,1.0
bcus6695,1.0
bcus6696,1.0
bcus6697,1.0
bcus6698,1.0
bcus6699,1.0
bcus6700,1.0
bcus6701,1.0
bcus6702,1.0
bcus6703,1.0
bcus6704,1.0
bcus6705,1.0
bcus6706,1.0
bcus6707,1.0
bcus6708,1.0
bcus6709,1.0
bcus6710,1.0
bcus6711,1.0
bcus6712,1.0
bcus6713,1.0
bcus6714,1.0
bcus6715,1.0
bcus6716,1.0
bcus6717,1.0
bcus6718,1.0
bcus6719,1.0
bcus6720,1.0
bcus6721,1.0
bcus6722,1.0
bcus6723,1.0
bcus6724,1.0
bcus6725,1.0
bcus6726,1.0
bcus6727,1.0
bcus6728,1.0
bcus6729,1.0
bcus6730,1.0
bcus6731,1.0
bcus6732,1.0
bcus6733,1.0
bcus6734,1.0
bcus6735,1.0
bcus6736,1.0
bcus6737,1.0
bcus6738,1.0
bcus6739,1.0
bcus6740,1.0
bcus6741,1.0
bcus6742,1.0
bcus6743,1.0
bcus6744,1.0
bcus6745,1.0
bcus6746,1.0
bcus6747,1.0
bcus6748,1.0
bcus6749,1.0
bcus6750,1.0
bcus6751,1.0
bcus6752,1.0
bcus6753,1.0
bcus6754,1.0
bcus6755,1.0
bcus6756,1.0
bcus6757,1.0
bcus6758,1.0
bcus6759,1.0
bcus6760,1.0
bcus6761,1.0
bcus6762,1.0
bcus6763,1.0
bcus6764,1.0
bcus6765,1.0
bcus6766,1.0
bcus6767,1.0
bcus6768,1.0
bcus6769,1.0
bcus6770,1.0
bcus6771,1.0
bcus6772,1.0
bcus6773,1.0
bcus6774,1.0
bcus6775,1.0
bcus6776,1.0
bcus6777,1.0
bcus6778,1.0
bcus6779,1.0
bcus6780,1.0
bcus6781,1.0
bcus6782,1.0
bcus6783,1.0
bcus6784,1.0
bcus6785,1.0
bcus6786,1.0
bcus6787,1.0
bcus6788,1.0
bcus6789,1.0
bcus6790,1.0
bcus6791,1.0
bcus6792,1.0
bcus6793,1.0
bcus6794,1.0
bcus6795,1.0
bcus6796,1.0
bcus6797,1.0
bcus6798,1.0
bcus6799,1.0
bcus6800,1.0
bcus6801,1.0
bcus6802,1.0
bcus6803,1.0
bcus6804,1.0
bcus6805,1.0
bcus6806,1.0
bcus6807,1.0
bcus6808,1.0
bcus6809,1.0
bcus6810,1.0
bcus6811,1.0
bcus6812,1.0
bcus6813,1.0
bcus6814,1.0
bcus6815,1.0
bcus6816,1.0
bcus6817,1.0
bcus6818,1.0
bcus6819,1.0
bcus6820,1.0
bcus6821,1.0
bcus6822,1.0
bcus6823,1.0
bcus6824,1.0
bcus6825,1.0
bcus6826,1.0
bcus6827,1.0
bcus6828,1.0
bcus6829,1.0
bcus6830,1.0
bcus6831,1.0
bcus6832,1.0
bcus6833,1.0
bcus6834,1.0
bcus6835,1.0
bcus6836,1.0
bcus6837,1.0
bcus6838,1.0
bcus6839,1.0
bcus6840,1.0
bcus6841,1.0
bcus6842,1.0
bcus6843,1.0
bcus6844,1.0
bcus6845,1.0
bcus6846,1.0
bcus6847,1.0
bcus6848,1.0
bcus6849,1.0
bcus6850,1.0
bcus6851,1.0
bcus6852,1.0
bcus6853,1.0
bcus6854,1.0
bcus6855,1.0
bcus6856,1.0
bcus6857,1.0
bcus6858,1.0
bcus6859,1.0
bcus6860,1.0
bcus6861,1.0
bcus6862,1.0
bcus6863,1.0
bcus6864,1.0
bcus6865,1.0
bcus6866,1.0
bcus6867,1.0
bcus6868,1.0
bcus6869,1.0
bcus6870,1.0
bcus6871,1.0
bcus6872,1.0
bcus6873,1.0
bcus6874,1.0
bcus6875,1.0
bcus6876,1.0
bcus6877,1.0
bcus6878,1.0
bcus6879,1.0
bcus6880,1.0
bcus6881,1.0
bcus6882,1.0
bcus6883,1.0
bcus6884,1.0
bcus6885,1.0
bcus6886,1.0
bcus6887,1.0
bcus6888,1.0
bcus6889,1.0
bcus6890,1.0
bcus6891,1.0
bcus6892,1.0
bcus6893,1.0
bcus6894,1.0
bcus6895,1.0
bcus6896,1.0
bcus6897,1.0
bcus6898,1.0
bcus6899,1.0
bcus6900,1.0
bcus6901,1.0
bcus6902,1.0
bcus6903,1.0
bcus6904,1.0
bcus6905,1.0
bcus6906,1.0
bcus6907,1.0
bcus6908,1.0
bcus6909,1.0
bcus6910,1.0
bcus6911,1.0
bcus6912,1.0
bcus6913,1.0
bcus6914,1.0
bcus6915,1.0
bcus6916,1.0
bcus6917,1.0
bcus6918,1.0
bcus6919,1.0
bcus6920,1.0
bcus6921,1.0
bcus6922,1.0
bcus6923,1.0
bcus6924,1.0
bcus6925,1.0
bcus6926,1.0
bcus6927,1.0
bcus6928,1.0
bcus6929,1.0
bcus6930,1.0
bcus6931,1.0
bcus6932,1.0
bcus6933,1.0
bcus6934,1.0
bcus6935,1.0
bcus6936,1.0
bcus6937,1.0
bcus6938,1.0
bcus6939,1.0
bcus6940,1.0
bcus6941,1.0
bcus6942,1.0
bcus6943,1.0
bcus6944,1.0
bcus6945,1.0
bcus6946,1.0
bcus6947,1.0
bcus6948,1.0
bcus6949,1.0
bcus6950,1.0
bcus6951,1.0
bcus6952,1.0
bcus6953,1.0
bcus6954,1.0
bcus6955,1.0
bcus6956,1.0
bcus6957,1.0
bcus6958,1.0
bcus6959,1.0
bcus6960,1.0
bcus6961,1.0
bcus6962,1.0
bcus6963,1.0
bcus6964,1.0
bcus6965,1.0
bcus6966,1.0
bcus6967,1.0
bcus6968,1.0
bcus6969,1.0
bcus6970,1.0
bcus6971,1.0
bcus6972,1.0
bcus6973,1.0
bcus6974,1.0
bcus6975,1.0
bcus6976,1.0
bcus6977,1.0
bcus6978,1.0
bcus6979,1.0
bcus6980,1.0
bcus6981,1.0
bcus6982,1.0
bcus6983,1.0
bcus6984,1.0
bcus6985,1.0
bcus6986,1.0
bcus6987,1.0
bcus6988,1.0
bcus6989,1.0
bcus6990,1.0
bcus6991,1.0
bcus6992,1.0
bcus6993,1.0
bcus6994,1.0
bcus6995,1.0
bcus6996,1.0
bcus6997,1.0
bcus6998,1.0
bcus6999,1.0
bcus7000,1.0
bcus7001,1.0
bcus7002,1.0
bcus7003,1.0
bcus7004,1.0
bcus7005,1.0
bcus7006,1.0
bcus7007,1.0
bcus7008,1.0
bcus7009,1.0
bcus7010,1.0
bcus7011,1.0
bcus7012,1.0
bcus7013,1.0
bcus7014,1.0
bcus7015,1.0
bcus7016,1.0
bcus7017,1.0
bcus7018,1.0
bcus7019,1.0
bcus7020,1.0
bcus7021,1.0
bcus7022,1.0
bcus7023,1.0
bcus7024,1.0
bcus7025,1.0
bcus7026,1.0
bcus7027,1.0
bcus7028,1.0
bcus7029,1.0
bcus7030,1.0
bcus7031,1.0
bcus7032,1.0
bcus7033,1.0
bcus7034,1.0
bcus7035,1.0
bcus7036,1.0
bcus7037,1.0
bcus7038,1.0
bcus7039,1.0
bcus7040,1.0
bcus7041,1.0
bcus7042,1.0
bcus7043,1.0
bcus7044,1.0
bcus7045,1.0
bcus7046,1.0
bcus7047,1.0
bcus7048,1.0
bcus7049,1.0
bcus7050,1.0
bcus7051,1.0
bcus7052,1.0
bcus7053,1.0
bcus7054,1.0
bcus7055,1.0
bcus7056,1.0
bcus7057,1.0
bcus7058,1.0
bcus7059,1.0
bcus7060,1.0
bcus7061,1.0
bcus7062,1.0
bcus7063,1.0
bcus7064,1.0
bcus7065,1.0
bcus7066,1.0
bcus7067,1.0
bcus7068,1.0
bcus7069,1.0
bcus7070,1.0
bcus7071,1.0
bcus7072,1.0
bcus7073,1.0
bcus7074,1.0
bcus7075,1.0
bcus7076,1.0
bcus7077,1.0
bcus7078,1.0
bcus7079,1.0
bcus7080,1.0
bcus7081,1.0
bcus7082,1.0
bcus7083,1.0
bcus7084,1.0
bcus7085,1.0
bcus7086,1.0
bcus7087,1.0
bcus7088,1.0
bcus7089,1.0
bcus7090,1.0
bcus7091,1.0
bcus7092,1.0
bcus7093,1.0
bcus7094,1.0
bcus7095,1.0
bcus7096,1.0
bcus7097,1.0
bcus7098,1.0
bcus7099,1.0
bcus7100,1.0
bcus7101,1.0
bcus7102,1.0
bcus7103,1.0
bcus7104,1.0
bcus7105,1.0
bcus7106,1.0
bcus7107,1.0
bcus7108,1.0
bcus7109,1.0
bcus7110,1.0
bcus7111,1.0
bcus7112,1.0
bcus7113,1.0
bcus7114,1.0
bcus7115,1.0
bcus7116,1.0
bcus7117,1.0
bcus7118,1.0
bcus7119,1.0
bcus7120,1.0
bcus7121,1.0
bcus7122,1.0
bcus7123,1.0
bcus7124,1.0
bcus7125,1.0
bcus7126,1.0
bcus7127,1.0
bcus7128,1.0
bcus7129,1.0
bcus7130,1.0
bcus7131,1.0
bcus7132,1.0
bcus7133,1.0
bcus7134,1.0
bcus7135,1.0
bcus7136,1.0
bcus7137,1.0
bcus7138,1.0
bcus7139,1.0
bcus7140,1.0
bcus7141,1.0
bcus7142,1.0
bcus7143,1.0
bcus7144,1.0
bcus7145,1.0
bcus7146,1.0
bcus7147,1.0
bcus7148,1.0
bcus7149,1.0
bcus7150,1.0
bcus7151,1.0
bcus7152,1.0
bcus7153,1.0
bcus7154,1.0
bcus7155,1.0
bcus7156,1.0
bcus7157,1.0
bcus7158,1.0
bcus7159,1.0
bcus7160,1.0
bcus7161,1.0
bcus7162,1.0
bcus7163,1.0
bcus7164,1.0
bcus7165,1.0
bcus7166,1.0
bcus7167,1.0
bcus7168,1.0
bcus7169,1.0
bcus7170,1.0
bcus7171,1.0
bcus7172,1.0
bcus7173,1.0
bcus7174,1.0
bcus7175,1.0
bcus7176,1.0
bcus7177,1.0
bcus7178,1.0
bcus7179,1.0
bcus7180,1.0
bcus7181,1.0
bcus7182,1.0
bcus7183,1.0
bcus7184,1.0
bcus7185,1.0
bcus7186,1.0
bcus7187,1.0
bcus7188,1.0
bcus7189,1.0
bcus7190,1.0
bcus7191,1.0
bcus7192,1.0
bcus7193,1.0
bcus7194,1.0
bcus7195,1.0
bcus7196,1.0
bcus7197,1.0
bcus7198,1.0
bcus7199,1.0
bcus7200,1.0
bcus7201,1.0
bcus7202,1.0
bcus7203,1.0
bcus7204,1.0
bcus7205,1.0
bcus7206,1.0
bcus7207,1.0
bcus7208,1.0
bcus7209,1.0
bcus7210,1.0
bcus7211,1.0
bcus7212,1.0
bcus7213,1.0
bcus7214,1.0
bcus7215,1.0
bcus7216,1.0
bcus7217,1.0
bcus7218,1.0
bcus7219,1.0
bcus7220,1.0
bcus7221,1.0
bcus7222,1.0
bcus7223,1.0
bcus7224,1.0
bcus7225,1.0
bcus7226,1.0
bcus7227,1.0
bcus7228,1.0
bcus7229,1.0
bcus7230,1.0
bcus7231,1.0
bcus7232,1.0
bcus7233,1.0
bcus7234,1.0
bcus7235,1.0
bcus7236,1.0
bcus7237,1.0
bcus7238,1.0
bcus7239,1.0
bcus7240,1.0
bcus7241,1.0
bcus7242,1.0
bcus7243,1.0
bcus7244,1.0
bcus7245,1.0
bcus7246,1.0
bcus7247,1.0
bcus7248,1.0
bcus7249,1.0
bcus7250,1.0
bcus7251,1.0
bcus7252,1.0
bcus7253,1.0
bcus7254,1.0
bcus7255,1.0
bcus7256,1.0
bcus7257,1.0
bcus7258,1.0
bcus7259,1.0
bcus7260,1.0
bcus7261,1.0
bcus7262,1.0
bcus7263,1.0
bcus7264,1.0
bcus7265,1.0
bcus7266,1.0
bcus7267,1.0
bcus7268,1.0
bcus7269,1.0
bcus7270,1.0
bcus7271,1.0
bcus7272,1.0
bcus7273,1.0
bcus7274,1.0
bcus7275,1.0
bcus7276,1.0
bcus7277,1.0
bcus7278,1.0
bcus7279,1.0
bcus7280,1.0
bcus7281,1.0
bcus7282,1.0
bcus7283,1.0
bcus7284,1.0
bcus7285,1.0
bcus7286,1.0
bcus7287,1.0
bcus7288,1.0
bcus7289,1.0
bcus7290,1.0
bcus7291,1.0
bcus7292,1.0
bcus7293,1.0
bcus7294,1.0
bcus7295,1.0
bcus7296,1.0
bcus7297,1.0
bcus7298,1.0
bcus7299,1.0
bcus7300,1.0
bcus7301,1.0
bcus7302,1.0
bcus7303,1.0
bcus7304,1.0
bcus7305,1.0
bcus7306,1.0
bcus7307,1.0
bcus7308,1.0
bcus7309,1.0
bcus7310,1.0
bcus7311,1.0
bcus7312,1.0
bcus7313,1.0
bcus7314,1.0
bcus7315,1.0
bcus7316,1.0
bcus7317,1.0
bcus7318,1.0
bcus7319,1.0
bcus7320,1.0
bcus7321,1.0
bcus7322,1.0
bcus7323,1.0
bcus7324,1.0
bcus7325,1.0
bcus7326,1.0
bcus7327,1.0
bcus7328,1.0
bcus7329,1.0
bcus7330,1.0
bcus7331,1.0
bcus7332,1.0
bcus7333,1.0
bcus7334,1.0
bcus7335,1.0
bcus7336,1.0
bcus7337,1.0
bcus7338,1.0
bcus7339,1.0
bcus7340,1.0
bcus7341,1.0
bcus7342,1.0
bcus7343,1.0
bcus7344,1.0
bcus7345,1.0
bcus7346,1.0
bcus7347,1.0
bcus7348,1.0
bcus7349,1.0
bcus7350,1.0
bcus7351,1.0
bcus7352,1.0
bcus7353,1.0
bcus7354,1.0
bcus7355,1.0
bcus7356,1.0
bcus7357,1.0
bcus7358,1.0
bcus7359,1.0
bcus7360,1.0
bcus7361,1.0
bcus7362,1.0
bcus7363,1.0
bcus7364,1.0
bcus7365,1.0
bcus7366,1.0
bcus7367,1.0
bcus7368,1.0
bcus7369,1.0
bcus7370,1.0
bcus7371,1.0
bcus7372,1.0
bcus7373,1.0
bcus7374,1.0
bcus7375,1.0
bcus7376,1.0
bcus7377,1.0
bcus7378,1.0
bcus7379,1.0
bcus7380,1.0
bcus7381,1.0
bcus7382,1.0
bcus7383,1.0
bcus7384,1.0
bcus7385,1.0
bcus7386,1.0
bcus7387,1.0
bcus7388,1.0
bcus7389,1.0
bcus7390,1.0
bcus7391,1.0
bcus7392,1.0
bcus7393,1.0
bcus7394,1.0
bcus7395,1.0
bcus7396,1.0
bcus7397,1.0
bcus7398,1.0
bcus7399,1.0
bcus7400,1.0
bcus7401,1.0
bcus7402,1.0
bcus7403,1.0
bcus7404,1.0
bcus7405,1.0
bcus7406,1.0
bcus7407,1.0
bcus7408,1.0
bcus7409,1.0
bcus7410,1.0
bcus7411,1.0
bcus7412,1.0
bcus7413,1.0
bcus7414,1.0
bcus7415,1.0
bcus7416,1.0
bcus7417,1.0
bcus7418,1.0
bcus7419,1.0
bcus7420,1.0
bcus7421,1.0
bcus7422,1.0
bcus7423,1.0
bcus7424,1.0
bcus7425,1.0
bcus7426,1.0
bcus7427,1.0
bcus7428,1.0
bcus7429,1.0
bcus7430,1.0
bcus7431,1.0
bcus7432,1.0
bcus7433,1.0
bcus7434,1.0
bcus7435,1.0
bcus7436,1.0
bcus7437,1.0
bcus7438,1.0
bcus7439,1.0
bcus7440,1.0
bcus7441,1.0
bcus7442,1.0
bcus7443,1.0
bcus7444,1.0
bcus7445,1.0
bcus7446,1.0
bcus7447,1.0
bcus7448,1.0
bcus7449,1.0
bcus7450,1.0
bcus7451,1.0
bcus7452,1.0
bcus7453,1.0
bcus7454,1.0
bcus7455,1.0
bcus7456,1.0
bcus7457,1.0
bcus7458,1.0
bcus7459,1.0
bcus7460,1.0
bcus7461,1.0
bcus7462,1.0
bcus7463,1.0
bcus7464,1.0
bcus7465,1.0
bcus7466,1.0
bcus7467,1.0
bcus7468,1.0
bcus7469,1.0
bcus7470,1.0
bcus7471,1.0
bcus7472,1.0
bcus7473,1.0
bcus7474,1.0
bcus7475,1.0
bcus7476,1.0
bcus7477,1.0
bcus7478,1.0
bcus7479,1.0
bcus7480,1.0
bcus7481,1.0
bcus7482,1.0
bcus7483,1.0
bcus7484,1.0
bcus7485,1.0
bcus7486,1.0
bcus7487,1.0
bcus7488,1.0
bcus7489,1.0
bcus7490,1.0
bcus7491,1.0
bcus7492,1.0
bcus7493,1.0
bcus7494,1.0
bcus7495,1.0
bcus7496,1.0
bcus7497,1.0
bcus7498,1.0
bcus7499,1.0
